,name,initial_method,n_qubits,m_state,n_g2_initial,time_initial,n_g2_qiskit,time_qiskit,n_g2_bqskit_flow,time_bqskit_flow,n_g2_ours,time_ours
0,W,n_flow,3,3,6,0.0010736080002970994,6,0.007050001993775368,3,1.287471371004358,3,0.00142055400647223
1,W,n_flow,4,4,14,0.001369247998809442,14,0.011050373024772853,16,3.5488778589933645,6,0.0035950909950770438
2,W,m_flow,5,5,10,0.006913817021995783,8,0.05628151199198328,8,1.2878421719942708,7,0.0018020939896814525
3,W,m_flow,6,6,13,0.015794152015587315,10,0.08538374199997634,13,1.8338080269750208,9,0.002983482991112396
4,W,m_flow,7,7,16,0.031059993983944878,12,0.10004864202346653,13,1.6558770640112925,11,0.0034865280031226575
5,W,m_flow,8,8,19,0.06543062799028121,14,0.11273752700071782,15,1.3425234369933605,13,0.004200978990411386
6,W,m_flow,9,9,22,0.11687494599027559,16,0.1715174550190568,20,1.8092596659844276,15,0.005355155997676775
7,Dicke,n_flow,3,3,6,0.0007587129948660731,6,0.0055686729901935905,3,1.117745676980121,3,0.0013832839904353023
8,Dicke,n_flow,4,6,14,0.0013906880049034953,14,0.00935981099610217,13,4.637049940007273,8,0.004723630001535639
9,Dicke,n_flow,5,10,30,0.002231582999229431,30,0.015415738977026194,34,3.3617392930027563,17,0.012667003989918157
10,Dicke,n_flow,6,20,62,0.004227016994263977,62,0.032990373991196975,68,4.300427267997293,34,0.06118340400280431
11,Dicke,n_flow,7,35,126,0.014900098991347477,126,0.06979347500600852,137,8.66150257200934,67,0.18875579800806008
12,Dicke,n_flow,8,70,254,0.05257508298382163,254,0.2243290809856262,273,7.326332233991707,132,0.9133412320225034
13,Dicke,n_flow,9,126,510,0.06854762800503522,510,0.44057684499421157,568,12.82486469001742,261,2.9111848839966115
14,QBA-Dense,n_flow,3,5,6,0.00140554501558654,6,0.007531937008025125,4,1.6026140899921302,2,0.0013783950125798583
15,QBA-Dense,n_flow,4,9,14,0.0016887930105440319,14,0.009103960997890681,13,2.0778967050137,3,0.0037571619905065745
16,QBA-Dense,n_flow,5,17,30,0.002485987002728507,30,0.017474020016379654,30,2.8561762839963194,4,0.011499259009724483
17,QBA-Dense,n_flow,6,33,62,0.004939834005199373,62,0.032776606996776536,74,2.5426490630197804,5,0.03996021600323729
18,QBA-Dense,n_flow,7,65,126,0.010711592010920867,126,0.06888134899782017,126,3.3901348220242653,6,0.15740020101657137
19,QBA-Dense,n_flow,8,129,254,0.0648372349969577,254,0.23842235500342213,276,5.351344720023917,7,0.9344226509856526
20,QBA-Dense,n_flow,9,257,510,0.09114451898494735,510,0.48847791901789606,553,8.375823590991786,8,2.5457206350110937
21,Random-Dense-Uniform,n_flow,3,4,6,0.0011182499874848872,6,0.009538054000586271,6,3.84804598800838,3,0.0016307549958582968
22,Random-Dense-Uniform,n_flow,4,8,12,0.0012820660194847733,12,0.00888224202208221,13,2.7148924869834445,5,0.003987318981671706
23,Random-Dense-Uniform,n_flow,5,16,30,0.002199523994931951,30,0.01706553000258282,32,3.580802950018551,29,0.014128774986602366
24,Random-Dense-Uniform,n_flow,6,32,62,0.0041698610002640635,62,0.03820823700516485,77,5.91246321098879,61,0.06551287698675878
25,Random-Dense-Uniform,n_flow,7,64,126,0.015424694982357323,126,0.08435263199498877,149,7.479497716994956,125,0.3098173339967616
26,Random-Dense-Uniform,n_flow,8,128,254,0.04559964998043142,252,0.1913419269840233,323,10.463325429998804,253,1.153518429986434
27,Random-Dense-Uniform,n_flow,9,256,510,0.06681209700764157,510,0.568028712994419,579,12.562953843997093,509,5.943345434003277
28,Random-Dense-Nonuniform,n_flow,3,4,6,0.0008346030081156641,6,0.006115712982136756,6,3.3839045079948846,3,0.0015774350031279027
29,Random-Dense-Nonuniform,n_flow,4,8,14,0.0013474180013872683,14,0.010629429976688698,19,5.329517953010509,13,0.006589551019715145
30,Random-Dense-Nonuniform,n_flow,5,16,30,0.0023829050187487155,30,0.01957335599581711,34,5.286943068989785,29,0.015982484008418396
31,Random-Dense-Nonuniform,n_flow,6,32,62,0.004257152002537623,62,0.0406184809980914,79,4.8129640139814,61,0.07483745302306488
32,Random-Dense-Nonuniform,n_flow,7,64,126,0.019593902019551024,126,0.09154897200642154,148,7.60143372399034,125,0.31978352001169696
33,Random-Dense-Nonuniform,n_flow,8,128,254,0.04030098198563792,254,0.2160636960179545,296,11.595390657021198,253,1.3281541790056508
34,Random-Dense-Nonuniform,n_flow,9,256,510,0.06577515200478956,510,0.5209865949873347,612,10.828011719015194,509,5.601593112020055
35,Random-Sparse-Uniform,n_flow,3,3,6,0.0008365070098079741,5,0.01812587899621576,6,2.8440948670031503,2,0.001077065011486411
36,Random-Sparse-Uniform,n_flow,4,4,14,0.0012197600153740495,12,0.00939543399726972,12,4.289065231976565,6,0.0031989940034691244
37,Random-Sparse-Uniform,m_flow,5,5,11,0.008449674001894891,11,0.006670153990853578,10,1.4960022519808263,8,0.001855643989983946
38,Random-Sparse-Uniform,m_flow,6,6,18,0.019731910026166588,16,0.02043700299691409,18,2.7754294769838452,14,0.003409364988328889
39,Random-Sparse-Uniform,m_flow,7,7,20,0.045549244998255745,18,0.04194669102435,22,2.6945668580010533,16,0.0038002210203558207
40,Random-Sparse-Uniform,m_flow,8,8,30,0.17509144797804765,30,0.01453669200418517,26,1.743936238985043,25,0.006005798000842333
41,Random-Sparse-Uniform,m_flow,9,9,34,0.5148634869838133,34,0.01503889900050126,34,2.1417795140005182,30,0.007540071994299069
42,Random-Sparse-Nonuniform,n_flow,3,3,6,0.0006863869784865528,6,0.006372728996211663,5,4.0013931230059825,2,0.0010465070081409067
43,Random-Sparse-Nonuniform,n_flow,4,4,12,0.0012304300034884363,11,0.018348355981288478,11,1.4572163989942055,5,0.0027204630023334175
44,Random-Sparse-Nonuniform,m_flow,5,5,9,0.007471825985703617,8,0.037096073996508494,9,1.3946075509884395,7,0.0017908019945025444
45,Random-Sparse-Nonuniform,m_flow,6,6,20,0.038999609008897096,17,0.051534666010411456,18,1.2906363359943498,15,0.002869849995477125
46,Random-Sparse-Nonuniform,m_flow,7,7,21,0.06072694101021625,21,0.01150030200369656,21,2.4953031670011114,18,0.00458891101879999
47,Random-Sparse-Nonuniform,m_flow,8,8,36,0.13942489301552996,34,0.028707953984849155,34,1.6415366909932345,30,0.007174461003160104
48,Random-Sparse-Nonuniform,m_flow,9,9,37,0.3862626479822211,37,0.015582571009872481,37,1.4707878110057209,32,0.007522530999267474
49,Random-Dense-Uniform,n_flow,3,4,6,0.0008116700046230108,6,0.005602277000434697,6,3.1875511370017193,3,0.0015901180158834904
50,Random-Dense-Uniform,n_flow,4,8,14,0.0013551519950851798,14,0.00970784600940533,16,3.8942884969874285,13,0.004831489990465343
51,Random-Dense-Uniform,n_flow,5,16,30,0.0026837349869310856,30,0.019042487983824685,39,5.75853198900586,29,0.018381327972747386
52,Random-Dense-Uniform,n_flow,6,32,62,0.004082789004314691,62,0.03420615498907864,67,8.187289095978485,61,0.08114264899631962
53,Random-Dense-Uniform,n_flow,7,64,126,0.01576307602226734,126,0.08776536901132204,154,8.755923029006226,125,0.3015831490047276
54,Random-Dense-Uniform,n_flow,8,128,254,0.038033400021959096,254,0.26418713200837374,309,11.617484543996397,253,1.305352491006488
55,Random-Dense-Uniform,n_flow,9,256,510,0.07010991498827934,510,0.6056310209969524,687,13.98371271599899,509,5.517384967999533
56,Random-Dense-Nonuniform,n_flow,3,4,6,0.0008686559740453959,6,0.006299041997408494,6,8.047414403001312,3,0.0016881519986782223
57,Random-Dense-Nonuniform,n_flow,4,8,14,0.0013826120120938867,14,0.0110623269865755,14,3.3017232090060133,11,0.004898224986391142
58,Random-Dense-Nonuniform,n_flow,5,16,30,0.002396992000285536,30,0.01960742601659149,38,5.7475326800195035,29,0.017820863984525204
59,Random-Dense-Nonuniform,n_flow,6,32,62,0.004295432998333126,62,0.03800222199060954,83,4.677763115003472,61,0.07843781402334571
60,Random-Dense-Nonuniform,n_flow,7,64,126,0.015105089987628162,126,0.09108423598809168,155,8.243672567012254,125,0.3152757119969465
61,Random-Dense-Nonuniform,n_flow,8,128,254,0.04138690201216377,254,0.2301670830056537,311,9.261810447991593,253,1.2956375030044
62,Random-Dense-Nonuniform,n_flow,9,256,510,0.06612466799560934,510,0.6364436220028438,655,12.682404841005336,509,5.546655567013659
63,Random-Sparse-Uniform,n_flow,3,3,6,0.0008282009803224355,6,0.005985811003483832,5,2.6068088060128503,2,0.0012941689928993583
64,Random-Sparse-Uniform,n_flow,4,4,14,0.001332860003458336,14,0.00934201802010648,16,3.3478731159993913,3,0.0023464369878638536
65,Random-Sparse-Uniform,m_flow,5,5,8,0.007337628019740805,8,0.007067211001412943,8,1.3642468829930294,5,0.0017865539994090796
66,Random-Sparse-Uniform,m_flow,6,6,14,0.018245788000058383,11,0.04922772300778888,12,1.9777039460022934,11,0.002809739002259448
67,Random-Sparse-Uniform,m_flow,7,7,18,0.046346280025318265,17,0.04005293900263496,18,2.810276011005044,14,0.0036379609955474734
68,Random-Sparse-Uniform,m_flow,8,8,29,0.12023012997815385,26,0.05162607500096783,26,2.5718116470088717,23,0.005621693009743467
69,Random-Sparse-Uniform,m_flow,9,9,28,0.3473498079983983,26,0.02550667998730205,28,3.1077400899957865,23,0.006860826979391277
70,Random-Sparse-Nonuniform,n_flow,3,3,2,0.0004917559854220599,2,0.004459838994080201,2,1.0240314260008745,1,0.0006413939991034567
71,Random-Sparse-Nonuniform,n_flow,4,4,14,0.0012720070080831647,12,0.008393682015594095,12,3.621914862014819,6,0.003102863993262872
72,Random-Sparse-Nonuniform,m_flow,5,5,9,0.009039252996444702,9,0.007091696024872363,9,1.4753399259934667,6,0.001888553990283981
73,Random-Sparse-Nonuniform,m_flow,6,6,21,0.024833817005855963,19,0.021269963996019214,21,1.7327826939872466,19,0.0037070399848744273
74,Random-Sparse-Nonuniform,m_flow,7,7,22,0.05107703301473521,19,0.0548838609829545,20,2.5126573389861733,18,0.003945421980461106
75,Random-Sparse-Nonuniform,m_flow,8,8,30,0.16008427098859102,29,0.03982019500108436,29,1.9747945709968917,24,0.005388659017626196
76,Random-Sparse-Nonuniform,m_flow,9,9,34,1.1987913050106727,34,0.0192399560182821,34,2.522378354013199,28,0.010510652005905285
77,Random-Dense-Uniform,n_flow,3,4,6,0.000870460004080087,6,0.00569087199983187,6,3.6263355169794522,3,0.0017209920042660087
78,Random-Dense-Uniform,n_flow,4,8,14,0.0014797939802519977,14,0.009850811009528115,15,3.0616800890129525,10,0.004222296993248165
79,Random-Dense-Uniform,n_flow,5,16,30,0.0025446159997954965,28,0.01674486100091599,30,4.836441127001308,29,0.017778637004084885
80,Random-Dense-Uniform,n_flow,6,32,62,0.004443399026058614,58,0.033421979984268546,74,8.547631363995606,61,0.07891393100726418
81,Random-Dense-Uniform,n_flow,7,64,126,0.015444482007296756,126,0.08145744499051943,160,6.297733298997628,125,0.30228571902262047
82,Random-Dense-Uniform,n_flow,8,128,254,0.03858100899378769,254,0.2712465139920823,331,10.428879421000602,253,1.3458826830028556
83,Random-Dense-Uniform,n_flow,9,256,510,0.0646494620013982,510,0.5976503459969535,701,15.526307335007004,509,5.5434166099876165
84,Random-Dense-Nonuniform,n_flow,3,4,6,0.0008382900268770754,6,0.006045019981684163,6,3.729020112019498,3,0.001568598992889747
85,Random-Dense-Nonuniform,n_flow,4,8,14,0.0013445320073515177,14,0.010511893982766196,14,3.1006326370115858,11,0.004824971023481339
86,Random-Dense-Nonuniform,n_flow,5,16,30,0.0023523270210716873,30,0.02033383201342076,36,4.943600719998358,29,0.018053337989840657
87,Random-Dense-Nonuniform,n_flow,6,32,62,0.00431331800064072,62,0.040887483017286286,80,7.572031512972899,61,0.07920765900053084
88,Random-Dense-Nonuniform,n_flow,7,64,126,0.014577969996025786,126,0.09174896200420335,167,9.188238450005883,125,0.29812997399130836
89,Random-Dense-Nonuniform,n_flow,8,128,254,0.041483993001747876,254,0.2825584860111121,305,9.079381606978131,253,1.532677689974662
90,Random-Dense-Nonuniform,n_flow,9,256,510,0.06845007601077668,510,0.5905625149898697,616,14.226736262993654,509,5.378170885989675
91,Random-Sparse-Uniform,n_flow,3,3,6,0.0008135740063153207,6,0.005565458006458357,6,3.282453594991239,2,0.0009757860098034143
92,Random-Sparse-Uniform,n_flow,4,4,10,0.0012325439893174917,10,0.007604012003866956,10,3.6743540560128167,5,0.0027313219907227904
93,Random-Sparse-Uniform,m_flow,5,5,10,0.009260596008971334,10,0.0068120359792374074,9,2.4503946810145862,7,0.0018399250111542642
94,Random-Sparse-Uniform,m_flow,6,6,14,0.017804605013225228,12,0.06554746499750763,14,3.830078909988515,10,0.0026293939736206084
95,Random-Sparse-Uniform,m_flow,7,7,24,0.05912957098917104,24,0.011679724004352465,24,1.3375725079968106,20,0.004597746999934316
96,Random-Sparse-Uniform,m_flow,8,8,31,0.2999264699756168,29,0.02867110600345768,28,3.9265398450079374,25,0.005857590003870428
97,Random-Sparse-Uniform,m_flow,9,9,35,0.893189048016211,35,0.017523760994663462,35,1.9188999450125266,31,0.008003847993677482
98,Random-Sparse-Nonuniform,n_flow,3,3,6,0.0008729639812372625,5,0.014944632013794035,5,2.318399062001845,2,0.001093193975975737
99,Random-Sparse-Nonuniform,n_flow,4,4,14,0.0011841329978778958,14,0.008125993015710264,11,1.4531268819991965,4,0.002737083996180445
100,Random-Sparse-Nonuniform,m_flow,5,5,11,0.006953859003260732,8,0.03764687100192532,9,1.591538924985798,7,0.0018910990038421005
101,Random-Sparse-Nonuniform,m_flow,6,6,14,0.01981462599360384,13,0.024570935987867415,14,1.617191413010005,10,0.0025933760043699294
102,Random-Sparse-Nonuniform,m_flow,7,7,24,0.0661984080215916,24,0.012089830008335412,24,4.5254432449874,21,0.004679017991293222
103,Random-Sparse-Nonuniform,m_flow,8,8,26,0.17901643199729733,23,0.054272972978651524,23,3.722694672003854,21,0.0055490160011686385
104,Random-Sparse-Nonuniform,m_flow,9,9,39,1.14570287099923,37,0.03397259401390329,39,1.5419957319973037,32,0.007447991985827684
105,Random-Dense-Uniform,n_flow,3,4,6,0.0008329299744218588,6,0.0058683420065790415,6,3.860044874018058,3,0.0015702929813414812
106,Random-Dense-Uniform,n_flow,4,8,14,0.0013688880135305226,14,0.01018384299823083,15,3.448554338014219,13,0.005445894988952205
107,Random-Dense-Uniform,n_flow,5,16,30,0.0022745119931641966,30,0.017285231995629147,30,4.498720453993883,29,0.016130209987750277
108,Random-Dense-Uniform,n_flow,6,32,62,0.004367616988020018,62,0.03589022200321779,65,11.241074673976982,61,0.06843347800895572
109,Random-Dense-Uniform,n_flow,7,64,126,0.013909704983234406,126,0.07844271400244907,175,9.289967546006665,125,0.38164060399867594
110,Random-Dense-Uniform,n_flow,8,128,254,0.06595462001860142,254,0.21021329599898309,328,9.287072184000863,253,1.4415594069869258
111,Random-Dense-Uniform,n_flow,9,256,510,0.06698688201140612,510,0.6115092429972719,645,11.729675306007266,509,5.420043756981613
112,Random-Dense-Nonuniform,n_flow,3,4,6,0.0009014980169013143,6,0.005834759009303525,5,2.2599138250225224,3,0.0015982839977368712
113,Random-Dense-Nonuniform,n_flow,4,8,14,0.0014373140002135187,14,0.010068678006064147,15,4.687783500005025,11,0.004425387014634907
114,Random-Dense-Nonuniform,n_flow,5,16,30,0.002443295990815386,30,0.021743343997513875,44,5.407753375999164,29,0.019491282990202308
115,Random-Dense-Nonuniform,n_flow,6,32,62,0.004297940002288669,62,0.03849734499817714,70,3.8968281649868004,61,0.07500176801113412
116,Random-Dense-Nonuniform,n_flow,7,64,126,0.01398481399519369,126,0.08615118800662458,128,5.919316240993794,125,0.3976445159933064
117,Random-Dense-Nonuniform,n_flow,8,128,254,0.04169649598770775,254,0.19965571200009435,303,8.907363931008149,253,1.3312648809805978
118,Random-Dense-Nonuniform,n_flow,9,256,510,0.06356979598058388,510,0.6668098910013214,661,14.385388686001534,509,5.422525664995192
119,Random-Sparse-Uniform,n_flow,3,3,6,0.0007469289994332939,6,0.006195131019921973,6,3.187596070987638,2,0.0010001809860114008
120,Random-Sparse-Uniform,n_flow,4,4,14,0.0017197399865835905,14,0.008479549986077473,13,2.6460261559986975,6,0.0032778010063339025
121,Random-Sparse-Uniform,m_flow,5,5,11,0.008198787021683529,10,0.02559974300675094,9,2.2183055889909156,8,0.002046729001449421
122,Random-Sparse-Uniform,m_flow,6,6,13,0.02302387898089364,13,0.007897617004346102,13,1.2450439080130309,10,0.0028098390030208975
123,Random-Sparse-Uniform,m_flow,7,7,26,0.07816780099528842,26,0.09780257102102041,27,1.6133670969866216,23,0.004887315008090809
124,Random-Sparse-Uniform,m_flow,8,8,24,0.29898334498284385,24,0.012088618997950107,24,4.551852498989319,20,0.0055203250085469335
125,Random-Sparse-Uniform,m_flow,9,9,41,0.57263676499133,37,0.04392126898164861,37,2.526376027002698,34,0.008494645997416228
126,Random-Sparse-Nonuniform,n_flow,3,3,4,0.0007722880109213293,3,0.013011452974751592,4,0.9705154980183579,2,0.001053930987836793
127,Random-Sparse-Nonuniform,n_flow,4,4,14,0.0013722839939873666,14,0.009732702019391581,14,5.85967921797419,4,0.0032089029846247286
128,Random-Sparse-Nonuniform,m_flow,5,5,15,0.011100528005044907,13,0.017748490994563326,14,2.4914546810032334,12,0.002720162010518834
129,Random-Sparse-Nonuniform,m_flow,6,6,18,0.03308959200512618,15,0.054766521003330126,15,2.8712672870024107,16,0.003436867002164945
130,Random-Sparse-Nonuniform,m_flow,7,7,23,0.06867083799443208,23,0.013227396993897855,21,2.190916723018745,19,0.0044023529917467386
131,Random-Sparse-Nonuniform,m_flow,8,8,32,0.14312717999564484,27,0.04567145698820241,28,11.416268277011113,27,0.0074483810167293996
132,Random-Sparse-Nonuniform,m_flow,9,9,32,0.698419569991529,30,0.028795139980502427,29,2.246180185000412,25,0.007021906989393756
133,Random-Dense-Uniform,n_flow,3,4,2,0.0007365810160990804,1,0.01858635901589878,1,0.9372912560065743,1,0.0009987580124288797
134,Random-Dense-Uniform,n_flow,4,8,14,0.0013038070173934102,14,0.009794265002710745,18,3.720374085009098,11,0.0042321849905420095
135,Random-Dense-Uniform,n_flow,5,16,30,0.0025588519929442555,30,0.018173752003349364,34,4.776179723005043,29,0.017142202996183187
136,Random-Dense-Uniform,n_flow,6,32,62,0.004259248002199456,62,0.03626808602712117,81,5.543736477004131,61,0.07018894198699854
137,Random-Dense-Uniform,n_flow,7,64,126,0.013103327015414834,126,0.0754622950043995,160,4.2525552560109645,125,0.2992517249949742
138,Random-Dense-Uniform,n_flow,8,128,254,0.04030592899653129,254,0.2787018600211013,326,11.31035070301732,253,1.417692046990851
139,Random-Dense-Uniform,n_flow,9,256,510,0.0726411750074476,510,0.5281460129772313,591,14.761270371993305,509,5.442142702988349
140,Random-Dense-Nonuniform,n_flow,3,4,6,0.000812922982731834,6,0.006160857010399923,6,4.48468809199403,3,0.0016032929997891188
141,Random-Dense-Nonuniform,n_flow,4,8,14,0.0013085049868095666,14,0.011237663013162091,16,3.7858467899786774,11,0.004239458998199552
142,Random-Dense-Nonuniform,n_flow,5,16,30,0.0023948879970703274,30,0.02010504499776289,35,7.469754464982543,29,0.015926399995805696
143,Random-Dense-Nonuniform,n_flow,6,32,62,0.0041476989863440394,62,0.04224566899938509,89,8.17518219599151,61,0.06380489098955877
144,Random-Dense-Nonuniform,n_flow,7,64,126,0.013396341993939131,126,0.08528002598905005,151,7.320896905002883,125,0.34559741101111285
145,Random-Dense-Nonuniform,n_flow,8,128,254,0.037637806992279366,254,0.20555961501668207,303,10.08614130402566,253,1.212612982984865
146,Random-Dense-Nonuniform,n_flow,9,256,510,0.06495035401894711,510,0.5874666210147552,649,16.628225988009945,509,5.672503495996352
147,Random-Sparse-Uniform,n_flow,3,3,6,0.0008276799926534295,6,0.005634606000967324,6,3.7029677949904,2,0.001398732973029837
148,Random-Sparse-Uniform,n_flow,4,4,14,0.0012266830017324537,14,0.008613198006059974,14,2.4317126169917174,6,0.0030852110066916794
149,Random-Sparse-Uniform,m_flow,5,5,11,0.009512582997558638,10,0.03626868600258604,10,1.438112703996012,8,0.0019276779785286635
150,Random-Sparse-Uniform,m_flow,6,6,13,0.014483053993899375,12,0.026464639988262206,13,1.604875452001579,10,0.002677451993804425
151,Random-Sparse-Uniform,m_flow,7,7,23,0.046390825998969376,23,0.011379118979675695,21,2.1814659529773053,19,0.004252574988640845
152,Random-Sparse-Uniform,m_flow,8,8,25,0.10915073301293887,24,0.0413939050049521,24,1.5243278940033633,19,0.004718732991022989
153,Random-Sparse-Uniform,m_flow,9,9,38,0.48445507799624465,36,0.024570476991357282,36,4.095557544002077,33,0.007599843986099586
154,Random-Sparse-Nonuniform,n_flow,3,3,6,0.0007190779724624008,6,0.00567715399665758,6,2.6364536769979168,2,0.001019256975268945
155,Random-Sparse-Nonuniform,n_flow,4,4,14,0.0014373850135598332,14,0.010120455990545452,16,2.62316647201078,5,0.002950972004327923
156,Random-Sparse-Nonuniform,m_flow,5,5,9,0.009602988982805982,9,0.006621082982746884,9,1.254127972992137,6,0.0017977759998757392
157,Random-Sparse-Nonuniform,m_flow,6,6,17,0.022970327001530677,16,0.03838761997758411,14,1.4390089119842742,13,0.002832521015079692
158,Random-Sparse-Nonuniform,m_flow,7,7,25,0.0989286069816444,20,0.06420567000168376,23,5.491825520992279,20,0.005358321010135114
159,Random-Sparse-Nonuniform,m_flow,8,8,34,0.20913951299735345,33,0.0425602929899469,33,1.8221094270120375,30,0.00629100899095647
160,Random-Sparse-Nonuniform,m_flow,9,9,34,0.42362631802097894,30,0.8829211500124075,30,2.888612221024232,29,0.008130071975756437
161,Random-Dense-Uniform,n_flow,3,4,6,0.0008383299864362925,6,0.005487051996169612,5,3.108630792994518,3,0.0016140130173880607
162,Random-Dense-Uniform,n_flow,4,8,14,0.0014840919757261872,14,0.010380036022979766,16,3.2592230650188867,13,0.005507169000338763
163,Random-Dense-Uniform,n_flow,5,16,28,0.0023571960045956075,28,0.01666705700336024,32,4.332394281984307,28,0.01724524301243946
164,Random-Dense-Uniform,n_flow,6,32,62,0.004461411008378491,62,0.035197273013181984,64,5.116092765994836,61,0.08099249898805283
165,Random-Dense-Uniform,n_flow,7,64,126,0.015812558005563915,126,0.07706600197707303,162,7.379152822017204,125,0.3007954090135172
166,Random-Dense-Uniform,n_flow,8,128,254,0.0499001260031946,254,0.26466603999142535,284,11.295094700995833,253,1.1532372609945014
167,Random-Dense-Uniform,n_flow,9,256,510,0.06402748599066399,508,0.5343607719987631,641,12.493697136989795,509,5.524693062005099
168,Random-Dense-Nonuniform,n_flow,3,4,6,0.0009556579752825201,6,0.006017578998580575,6,3.137466902990127,3,0.0018408659962005913
169,Random-Dense-Nonuniform,n_flow,4,8,14,0.0013793169928248972,14,0.01215203499305062,14,3.616405011009192,13,0.0053809829987585545
170,Random-Dense-Nonuniform,n_flow,5,16,30,0.0022416319989133626,30,0.019561163993785158,32,2.810528258996783,29,0.016093349986476824
171,Random-Dense-Nonuniform,n_flow,6,32,62,0.005905979982344434,62,0.04363639798248187,73,6.819171619019471,61,0.0656160640064627
172,Random-Dense-Nonuniform,n_flow,7,64,126,0.013547451002523303,126,0.08941970200976357,159,7.753858684009174,125,0.29285980001441203
173,Random-Dense-Nonuniform,n_flow,8,128,254,0.04017707100138068,254,0.27596012101275846,302,11.419028403994162,253,1.23830330799683
174,Random-Dense-Nonuniform,n_flow,9,256,510,0.06525529199279845,510,0.654974097997183,659,13.14636550899013,509,5.483283749024849
175,Random-Sparse-Uniform,n_flow,3,3,2,0.0005394940089900047,2,0.0038185669982340187,2,0.9670957350172102,1,0.0007267729961313307
176,Random-Sparse-Uniform,n_flow,4,4,14,0.0012823959987144917,13,0.022163557005114853,17,1.7422498009982519,5,0.002894325996749103
177,Random-Sparse-Uniform,m_flow,5,5,10,0.006248480000067502,9,0.01575138501357287,12,2.943890216993168,8,0.0025792489759624004
178,Random-Sparse-Uniform,m_flow,6,6,19,0.028417186986189336,19,0.010628070012899116,19,2.2015930649940856,16,0.003502158011542633
179,Random-Sparse-Uniform,m_flow,7,7,22,0.047928132000379264,20,0.020047946978593245,21,2.7554705060028937,17,0.004376925004180521
180,Random-Sparse-Uniform,m_flow,8,8,30,0.23536390499793924,30,0.01354962500045076,30,1.7710354489972815,26,0.005736666003940627
181,Random-Sparse-Uniform,m_flow,9,9,41,0.4614066859940067,39,0.0280010019778274,38,1.513514218997443,35,0.0070349300222005695
182,Random-Sparse-Nonuniform,n_flow,3,3,6,0.0007963519892655313,6,0.005157526989933103,3,1.1589354219904635,3,0.0013369480147957802
183,Random-Sparse-Nonuniform,n_flow,4,4,14,0.001254583999980241,14,0.008676397992530838,14,5.896930924005574,4,0.0026621349970810115
184,Random-Sparse-Nonuniform,m_flow,5,5,11,0.008025884017115459,9,0.04065466902102344,10,1.4865549180249218,8,0.001889785984531045
185,Random-Sparse-Nonuniform,m_flow,6,6,13,0.02182027799426578,12,0.02651496499311179,12,2.549128671991639,10,0.0026911979948636144
186,Random-Sparse-Nonuniform,m_flow,7,7,17,0.042096201999811456,17,0.010340341978007928,17,1.4881953299918678,12,0.0034406830091029406
187,Random-Sparse-Nonuniform,m_flow,8,8,28,0.22492565200082026,26,0.02208425902063027,26,1.5482682250149082,24,0.005905450991122052
188,Random-Sparse-Nonuniform,m_flow,9,9,41,0.4410880709765479,39,0.02685928498976864,38,2.3621575589932036,37,0.008347302995389327
189,Random-Dense-Uniform,n_flow,3,4,2,0.000748352991649881,1,0.012324823997914791,2,0.9677705340145621,1,0.0009059960138984025
190,Random-Dense-Uniform,n_flow,4,8,14,0.0015496429987251759,14,0.008960005012340844,14,2.884598803007975,13,0.004690970992669463
191,Random-Dense-Uniform,n_flow,5,16,28,0.0024081110022962093,28,0.016846671991515905,30,5.37149753398262,28,0.016308861988363788
192,Random-Dense-Uniform,n_flow,6,32,62,0.004279876011423767,62,0.03634720100671984,84,7.130388567020418,61,0.08153334399685264
193,Random-Dense-Uniform,n_flow,7,64,126,0.015122754004551098,124,0.07562494798912667,157,5.958056043979013,125,0.4232501910009887
194,Random-Dense-Uniform,n_flow,8,128,254,0.04140016599558294,252,0.17705997999291867,334,12.405753121012822,253,1.2387758340046275
195,Random-Dense-Uniform,n_flow,9,256,510,0.06684309401316568,510,0.6170572859991807,655,12.939845893997699,509,5.276279195008101
196,Random-Dense-Nonuniform,n_flow,3,4,6,0.0007949889986775815,6,0.005772153002908453,6,3.0837561990192626,2,0.0010433720017317683
197,Random-Dense-Nonuniform,n_flow,4,8,14,0.0021866389724891633,14,0.011326420004479587,14,4.520104939991143,11,0.0042141030135098845
198,Random-Dense-Nonuniform,n_flow,5,16,30,0.0023515359789598733,30,0.021512915001949295,32,5.65097455799696,29,0.018042847979813814
199,Random-Dense-Nonuniform,n_flow,6,32,62,0.004443930985871702,62,0.040913280012318864,73,6.736951221013442,61,0.0743102649867069
200,Random-Dense-Nonuniform,n_flow,7,64,126,0.016303200012771413,126,0.09112296099192463,141,5.973714127991116,125,0.29051026701927185
201,Random-Dense-Nonuniform,n_flow,8,128,254,0.034189118014182895,254,0.20607079900219105,298,9.042745930986712,253,1.3210511440120172
202,Random-Dense-Nonuniform,n_flow,9,256,510,0.06655992200830951,510,0.5645483270054683,657,14.786701967008412,509,5.416389657999389
203,Random-Sparse-Uniform,n_flow,3,3,6,0.0008473769994452596,6,0.005762543005403131,5,3.313092857977608,2,0.001402730995323509
204,Random-Sparse-Uniform,n_flow,4,4,14,0.0013329210050869733,14,0.009310406021540985,18,4.295289492991287,3,0.002466930978698656
205,Random-Sparse-Uniform,m_flow,5,5,8,0.006922494008904323,8,0.07227585601503961,9,2.3223019519937225,5,0.001776457007508725
206,Random-Sparse-Uniform,m_flow,6,6,15,0.026754640013678,13,0.021816571010276675,12,1.5277789710089564,12,0.0028455560095608234
207,Random-Sparse-Uniform,m_flow,7,7,25,0.08138963597593829,24,0.028930300002684817,26,1.9219778109982144,21,0.0047485789982602
208,Random-Sparse-Uniform,m_flow,8,8,29,0.13159863802138716,24,0.0386497360013891,26,2.218102685001213,23,0.006022309011314064
209,Random-Sparse-Uniform,m_flow,9,9,36,0.4165686390188057,36,0.0147919470036868,35,2.356675737974001,32,0.0072528359887655824
210,Random-Sparse-Nonuniform,n_flow,3,3,6,0.000691706984071061,6,0.005865647020982578,5,3.1144711099914275,2,0.0010522090015001595
211,Random-Sparse-Nonuniform,n_flow,4,4,14,0.0013009009999223053,14,0.008979528996860608,13,4.740526457986562,6,0.0030507869960274547
212,Random-Sparse-Nonuniform,m_flow,5,5,9,0.003634084016084671,9,0.007168960990384221,9,2.054267047002213,6,0.0018301660020370036
213,Random-Sparse-Nonuniform,m_flow,6,6,14,0.01622985300491564,13,0.035683519003214315,14,2.3873011719842907,10,0.0026156889798585325
214,Random-Sparse-Nonuniform,m_flow,7,7,22,0.06796415100689046,22,0.011204689973965287,21,1.7431425099784974,18,0.003862828016281128
215,Random-Sparse-Nonuniform,m_flow,8,8,22,0.10800626999116503,22,0.012553572014439851,22,1.406436361023225,16,0.0046609630226157606
216,Random-Sparse-Nonuniform,m_flow,9,9,35,0.5009348539751954,35,0.016455793986096978,34,2.1411480529932305,31,0.007079003000399098
217,Random-Dense-Uniform,n_flow,3,4,6,0.0008256270084530115,6,0.00547193200327456,6,4.6194446419831365,3,0.0015894980169832706
218,Random-Dense-Uniform,n_flow,4,8,14,0.001336378016276285,12,0.008297340013086796,14,5.76849545299774,10,0.004084290005266666
219,Random-Dense-Uniform,n_flow,5,16,30,0.00232053900253959,30,0.01729784201597795,31,5.342592141008936,29,0.018419658998027444
220,Random-Dense-Uniform,n_flow,6,32,62,0.004239458008669317,62,0.034651035006390885,79,6.52561046500341,61,0.07456726301461458
221,Random-Dense-Uniform,n_flow,7,64,126,0.015887326997471973,126,0.08319313198444434,164,7.269456405978417,125,0.302946746989619
222,Random-Dense-Uniform,n_flow,8,128,254,0.04087646398693323,254,0.25957497901981696,309,9.748991525004385,253,1.2277044919901527
223,Random-Dense-Uniform,n_flow,9,256,510,0.06549086098675616,508,0.5761216859973501,656,13.524920817988459,509,5.449339298997074
224,Random-Dense-Nonuniform,n_flow,3,4,6,0.0008120810089167207,6,0.005981772992527112,6,4.027786307997303,3,0.001603394019184634
225,Random-Dense-Nonuniform,n_flow,4,8,14,0.0014734119758941233,14,0.010833111999090761,16,2.938049045013031,11,0.00470660999417305
226,Random-Dense-Nonuniform,n_flow,5,16,30,0.002502165996702388,30,0.019159844989189878,35,3.6047253849974368,29,0.019384654995519668
227,Random-Dense-Nonuniform,n_flow,6,32,62,0.004211628023767844,62,0.039071984007023275,79,4.71302029400249,61,0.06700729200383648
228,Random-Dense-Nonuniform,n_flow,7,64,126,0.014000195980770513,126,0.08820550897507928,153,6.642446574987844,125,0.27656632600701414
229,Random-Dense-Nonuniform,n_flow,8,128,254,0.03926103701815009,254,0.2698311359854415,312,11.81553626601817,253,1.3607266159961
230,Random-Dense-Nonuniform,n_flow,9,256,510,0.064922984020086,510,0.6078854119987227,652,12.050070786994183,509,5.276550504000625
231,Random-Sparse-Uniform,n_flow,3,3,4,0.0008594100072514266,3,0.016293160995701328,4,0.9692086429859046,2,0.001018204988213256
232,Random-Sparse-Uniform,n_flow,4,4,6,0.0008178320131264627,6,0.005735824001021683,6,3.1607015320041683,3,0.0015574779827147722
233,Random-Sparse-Uniform,m_flow,5,5,9,0.008942684013163671,8,0.023294962011277676,8,1.5037467229994945,6,0.0017793510050978512
234,Random-Sparse-Uniform,m_flow,6,6,13,0.0287309100094717,12,0.036872391996439546,13,1.2548441469843965,10,0.0025926149974111468
235,Random-Sparse-Uniform,m_flow,7,7,23,0.07452041300712153,23,0.011222644010558724,25,2.043102401017677,18,0.004619418003130704
236,Random-Sparse-Uniform,m_flow,8,8,30,0.1336651050078217,30,0.012042432994348928,32,1.6042684390267823,25,0.005279916018480435
237,Random-Sparse-Uniform,m_flow,9,9,34,0.24808818500605412,32,0.021549074008362368,32,1.4604506739997305,28,0.006215327972313389
238,Random-Sparse-Nonuniform,n_flow,3,3,6,0.000920423015486449,6,0.005687083990778774,5,3.764949673000956,2,0.0013975510082673281
239,Random-Sparse-Nonuniform,n_flow,4,4,6,0.0008682649931870401,6,0.006368580012349412,6,4.085509323020233,3,0.0016054880106821656
240,Random-Sparse-Nonuniform,m_flow,5,5,10,0.009039291006047279,10,0.007050572021398693,10,1.6211159410013352,7,0.0018616349843796343
241,Random-Sparse-Nonuniform,m_flow,6,6,19,0.027896254003280774,19,0.012994492019061,19,4.102418674010551,17,0.0036317479971330613
242,Random-Sparse-Nonuniform,m_flow,7,7,24,0.09591158299008384,22,0.028501251013949513,21,2.0762291819846723,19,0.004249166988302022
243,Random-Sparse-Nonuniform,m_flow,8,8,27,0.3690225550089963,27,0.014184789004502818,24,1.5669554630003404,21,0.004875254002399743
244,Random-Sparse-Nonuniform,m_flow,9,9,39,0.7550616369990166,37,0.03107792598893866,37,2.1571824720012955,33,0.008176297997124493
245,Random-Dense-Uniform,n_flow,3,4,6,0.0008205060148611665,6,0.005537025019293651,6,2.0506140820216388,3,0.0017180379945784807
246,Random-Dense-Uniform,n_flow,4,8,14,0.0013457149907480925,14,0.009577154996804893,14,4.211275759007549,13,0.004472211992833763
247,Random-Dense-Uniform,n_flow,5,16,30,0.0022787009947933257,30,0.016861590003827587,41,3.4916640729934443,29,0.01602474198443815
248,Random-Dense-Uniform,n_flow,6,32,62,0.004097103985259309,62,0.032246399990981445,69,5.079597010015277,61,0.05656621098751202
249,Random-Dense-Uniform,n_flow,7,64,126,0.01564947300357744,126,0.07485820198780857,166,8.084714597993298,125,0.31425911901169457
250,Random-Dense-Uniform,n_flow,8,128,254,0.037702838017139584,254,0.21284377601114102,322,12.877510748978239,253,1.3547197919979226
251,Random-Dense-Uniform,n_flow,9,256,510,0.06632995899417438,510,0.5801817330066115,618,13.967183656990528,509,5.431769728980726
252,Random-Dense-Nonuniform,n_flow,3,4,6,0.000834402977488935,6,0.006336360995192081,3,1.3334682360000443,3,0.0015129060193430632
253,Random-Dense-Nonuniform,n_flow,4,8,14,0.0013830630050506443,14,0.01092681402224116,13,2.925254075002158,13,0.005109287012601271
254,Random-Dense-Nonuniform,n_flow,5,16,30,0.0024359840026590973,30,0.021141112985787913,30,3.64143485299428,27,0.012579309026477858
255,Random-Dense-Nonuniform,n_flow,6,32,62,0.0042514330125413835,62,0.039573167014168575,75,4.063960008992581,61,0.07073507600580342
256,Random-Dense-Nonuniform,n_flow,7,64,126,0.014592257997719571,126,0.14846285301609896,151,6.126776521996362,125,0.2716331960109528
257,Random-Dense-Nonuniform,n_flow,8,128,254,0.04558413499034941,254,0.2135871299833525,345,8.402496438007802,253,1.3363616989809088
258,Random-Dense-Nonuniform,n_flow,9,256,510,0.06728317501256242,510,0.59394516699831,720,15.283144580986118,509,5.437748903001193
259,Random-Sparse-Uniform,n_flow,3,3,2,0.0005416779895313084,2,0.0048505459853913635,2,0.9651506039954256,1,0.0007359799928963184
260,Random-Sparse-Uniform,n_flow,4,4,14,0.0012372630008030683,14,0.009107731020776555,16,4.383266982011264,3,0.002608595008496195
261,Random-Sparse-Uniform,m_flow,5,5,11,0.0070029839989729226,10,0.02512767299776897,9,2.767256619001273,9,0.002438668016111478
262,Random-Sparse-Uniform,m_flow,6,6,14,0.02367082200362347,13,0.039256527001271024,14,2.179016508976929,10,0.0025580320216249675
263,Random-Sparse-Uniform,m_flow,7,7,22,0.06210436698165722,22,0.010903872025664896,21,3.8585000000020955,19,0.004621472005965188
264,Random-Sparse-Uniform,m_flow,8,8,31,0.1300776990246959,28,0.11545193998608738,27,2.6264487669977825,25,0.0056591309839859605
265,Random-Sparse-Uniform,m_flow,9,9,38,0.36349989197333343,37,0.03374196600634605,39,3.0325559369812254,33,0.008063665009103715
266,Random-Sparse-Nonuniform,n_flow,3,3,6,0.0008175620168913156,6,0.005749308009399101,5,3.350742887996603,3,0.0014895120111759752
267,Random-Sparse-Nonuniform,n_flow,4,4,14,0.0013429889804683626,12,0.009101649018703029,14,4.299750932987081,6,0.003093036008067429
268,Random-Sparse-Nonuniform,m_flow,5,5,10,0.014475948992185295,9,0.03744122898206115,9,1.3133153239905369,7,0.001774181000655517
269,Random-Sparse-Nonuniform,m_flow,6,6,16,0.018134698999347165,16,0.008674234006321058,14,1.468141140008811,12,0.002664717991137877
270,Random-Sparse-Nonuniform,m_flow,7,7,26,0.05311375798191875,24,0.026734513987321407,26,1.9383377770136576,21,0.004801436007255688
271,Random-Sparse-Nonuniform,m_flow,8,8,28,0.35142994197667576,26,0.023276927007827908,26,1.8529419009864796,22,0.0054376710031647235
272,Random-Sparse-Nonuniform,m_flow,9,9,36,0.5681627500161994,34,0.028158753993920982,34,2.088423054985469,33,0.008155086019542068
273,Random-Dense-Uniform,n_flow,3,4,6,0.0008239829912781715,6,0.005377527006203309,6,3.339570028008893,3,0.0015758330118842423
274,Random-Dense-Uniform,n_flow,4,8,14,0.0013299149868544191,14,0.00892113198642619,15,3.0230702830012888,11,0.004241114016622305
275,Random-Dense-Uniform,n_flow,5,16,28,0.002307884016772732,28,0.0168454909871798,32,2.583810028998414,28,0.017795271007344127
276,Random-Dense-Uniform,n_flow,6,32,62,0.004450673004612327,62,0.035945042996900156,75,7.55908068100689,61,0.07980918799876235
277,Random-Dense-Uniform,n_flow,7,64,126,0.016676007013302296,126,0.08143433500663377,166,9.302983742993092,125,0.3152595130086411
278,Random-Dense-Uniform,n_flow,8,128,254,0.038951510010519996,254,0.26265702000819147,302,12.808461255015573,253,1.2872315820131917
279,Random-Dense-Uniform,n_flow,9,256,510,0.07447264698566869,510,0.5938895380240865,675,13.836918443004834,509,5.479045275016688
280,Random-Dense-Nonuniform,n_flow,3,4,6,0.0007455779996234924,6,0.005679257999872789,5,4.40786546599702,2,0.0010481399949640036
281,Random-Dense-Nonuniform,n_flow,4,8,14,0.0013831740070600063,14,0.010333419981179759,16,4.631215250003152,11,0.0051755910099018365
282,Random-Dense-Nonuniform,n_flow,5,16,30,0.002341307990718633,30,0.02189394400920719,31,6.484876164002344,29,0.018634537991601974
283,Random-Dense-Nonuniform,n_flow,6,32,62,0.0042991520022042096,62,0.039195361983729526,66,5.263620393001474,61,0.07864131999667734
284,Random-Dense-Nonuniform,n_flow,7,64,126,0.01447657000971958,126,0.14824833397869952,147,8.717721149994759,125,0.30633767301333137
285,Random-Dense-Nonuniform,n_flow,8,128,254,0.03983186397817917,254,0.21356753102736548,309,8.26872898399597,253,1.4962626119959168
286,Random-Dense-Nonuniform,n_flow,9,256,510,0.12492929500876926,510,0.5188510860025417,634,13.935200623003766,509,5.727071105997311
287,Random-Sparse-Uniform,n_flow,3,3,2,0.0005686380027327687,2,0.00386080497992225,2,0.9616897279920522,1,0.0007583209953736514
288,Random-Sparse-Uniform,n_flow,4,4,10,0.001804258004995063,10,0.008695722004631534,10,4.940186719002668,4,0.0024238319892901927
289,Random-Sparse-Uniform,m_flow,5,5,10,0.010222172975772992,10,0.00635258000693284,10,1.2798787250067107,7,0.002028925984632224
290,Random-Sparse-Uniform,m_flow,6,6,12,0.016105162998428568,11,0.03709633499966003,13,1.4971475260099396,9,0.0024618910101708025
291,Random-Sparse-Uniform,m_flow,7,7,20,0.04396848697797395,20,0.02572194699314423,18,1.5482581930118613,15,0.0035540950193535537
292,Random-Sparse-Uniform,m_flow,8,8,23,0.1022552789945621,22,0.04239821300143376,22,1.449429158004932,17,0.004554747021757066
293,Random-Sparse-Uniform,m_flow,9,9,38,0.8631565459945705,37,0.045714043983025476,42,2.5589303740125615,34,0.008463691978249699
294,Random-Sparse-Nonuniform,n_flow,3,3,6,0.0007275539974216372,6,0.006006267998600379,6,3.5156404900189955,2,0.0010506249964237213
295,Random-Sparse-Nonuniform,n_flow,4,4,14,0.0012327250151429325,14,0.009991612983867526,14,4.697486396995373,3,0.00223762501263991
296,Random-Sparse-Nonuniform,m_flow,5,5,8,0.004203181975753978,7,0.023706920008407906,9,2.5360995840164833,5,0.0017274260171689093
297,Random-Sparse-Nonuniform,m_flow,6,6,15,0.01251098097418435,15,0.024351727013709024,17,4.499278215982486,13,0.0033332339953631163
298,Random-Sparse-Nonuniform,m_flow,7,7,23,0.11218980900594033,23,0.013295082986587659,22,4.6024318510026205,19,0.00472847101627849
299,Random-Sparse-Nonuniform,m_flow,8,8,24,0.25940857199020684,24,0.012043731985613704,25,1.762681482010521,19,0.00632945098914206
300,Random-Sparse-Nonuniform,m_flow,9,9,44,1.0830996959994081,40,0.04002126900013536,41,3.8715730469848495,37,0.009228656010236591
301,Random-Dense-Uniform,n_flow,3,4,6,0.0008639080042485148,6,0.005330007988959551,5,3.253767872985918,3,0.0015732370084151626
302,Random-Dense-Uniform,n_flow,4,8,12,0.001291763997869566,12,0.008781351003563032,14,3.228825163008878,12,0.004207441001199186
303,Random-Dense-Uniform,n_flow,5,16,30,0.002311510994331911,30,0.015032753988634795,32,2.6366991579998285,27,0.014967825991334394
304,Random-Dense-Uniform,n_flow,6,32,62,0.004352941992692649,62,0.033839215990155935,71,5.774664027994731,61,0.06413803301984444
305,Random-Dense-Uniform,n_flow,7,64,126,0.014684038003906608,126,0.07884271899820305,153,7.3618485649931245,125,0.3189369990141131
306,Random-Dense-Uniform,n_flow,8,128,254,0.03934430200024508,254,0.2518383830029052,323,10.235799855989171,253,1.3047808810079005
307,Random-Dense-Uniform,n_flow,9,256,510,0.06729182199342176,510,0.5619452560204081,696,15.916596094000852,509,5.320982322999043
308,Random-Dense-Nonuniform,n_flow,3,4,6,0.0008480980177409947,6,0.005886292987270281,6,3.2041558760101907,3,0.0016182420076802373
309,Random-Dense-Nonuniform,n_flow,4,8,14,0.00147970300167799,14,0.010678312013624236,16,3.6999481980165,13,0.00549618701916188
310,Random-Dense-Nonuniform,n_flow,5,16,30,0.0024095439875964075,30,0.018946119002066553,37,5.528508582996437,29,0.018340101989451796
311,Random-Dense-Nonuniform,n_flow,6,32,62,0.004567459982354194,62,0.04077860002871603,76,4.384042445017258,61,0.0697676709969528
312,Random-Dense-Nonuniform,n_flow,7,64,126,0.015793992002727464,126,0.08377016699523665,150,6.894654147996334,125,0.29931914899498224
313,Random-Dense-Nonuniform,n_flow,8,128,254,0.03193466999800876,254,0.2693313460040372,299,9.42934968098416,253,1.3001871180022135
314,Random-Dense-Nonuniform,n_flow,9,256,510,0.08361133301514201,510,0.5479000899940729,622,13.432468312996207,509,5.849623101006728
315,Random-Sparse-Uniform,n_flow,3,3,6,0.0007191089971456677,6,0.005366598023101687,5,2.5875561750144698,2,0.0011588159832172096
316,Random-Sparse-Uniform,n_flow,4,4,12,0.001672893005888909,11,0.020822911988943815,15,1.7910396390070673,5,0.0027256720059085637
317,Random-Sparse-Uniform,m_flow,5,5,11,0.011911676003364846,11,0.0069687899958807975,11,1.4164017289876938,8,0.0019578940118663013
318,Random-Sparse-Uniform,m_flow,6,6,13,0.022801132989116013,13,0.008071782009210438,12,1.4751802579849027,9,0.0028693289787042886
319,Random-Sparse-Uniform,m_flow,7,7,24,0.08065878701745532,22,0.019784870004514232,22,1.49022392500774,20,0.0040226860146503896
320,Random-Sparse-Uniform,m_flow,8,8,31,0.2526801510248333,29,0.02295734398649074,31,1.8192006080062129,28,0.006827075994806364
321,Random-Sparse-Uniform,m_flow,9,9,40,0.7137312330014538,38,0.027349987998604774,35,2.0670144550094847,33,0.007540160993812606
322,Random-Sparse-Nonuniform,n_flow,3,3,6,0.0007083980017341673,6,0.0055333260097540915,6,2.8369531409989577,2,0.0010041689965873957
323,Random-Sparse-Nonuniform,n_flow,4,4,14,0.001542029989650473,14,0.009868496999843046,16,2.683096780994674,3,0.0025168150023091584
324,Random-Sparse-Nonuniform,m_flow,5,5,13,0.009219836996635422,13,0.00869510299526155,11,1.3617241000174545,10,0.001958295004442334
325,Random-Sparse-Nonuniform,m_flow,6,6,13,0.019974382972577587,13,0.009039925003889948,14,1.5387766640051268,9,0.00255766898044385
326,Random-Sparse-Nonuniform,m_flow,7,7,25,0.09746636400814168,25,0.011943757999688387,23,2.042255304986611,23,0.004591595992678776
327,Random-Sparse-Nonuniform,m_flow,8,8,31,0.20689796400256455,31,0.014730224007507786,28,2.5353894360014237,29,0.007204669003840536
328,Random-Sparse-Nonuniform,m_flow,9,9,37,0.7340074329986237,37,0.01687765200040303,37,2.892920375976246,31,0.007729003002168611
329,Random-Dense-Uniform,n_flow,3,4,4,0.0006585959927178919,4,0.004484075005166233,4,0.9729100789991207,2,0.0008807789999991655
330,Random-Dense-Uniform,n_flow,4,8,14,0.0013074529997538775,14,0.008446409017778933,15,2.1206567930057645,11,0.0040581020002719015
331,Random-Dense-Uniform,n_flow,5,16,30,0.0022689320030622184,30,0.017169501981697977,39,3.813893281010678,29,0.01571890400373377
332,Random-Dense-Uniform,n_flow,6,32,62,0.004720807017292827,62,0.033620731002883986,73,6.068230876990128,61,0.058040175994392484
333,Random-Dense-Uniform,n_flow,7,64,126,0.015546159993391484,126,0.07761690800543875,133,7.602098693023436,125,0.31665008698473684
334,Random-Dense-Uniform,n_flow,8,128,254,0.039736701000947505,254,0.25124434201279655,324,9.993206695013214,253,1.1566209689772222
335,Random-Dense-Uniform,n_flow,9,256,510,0.0640947419742588,510,0.5326402790087741,708,16.33252752100816,509,5.30059013699065
336,Random-Dense-Nonuniform,n_flow,3,4,2,0.0005305070080794394,2,0.003776847996050492,2,0.9929490619979333,1,0.0006513620028272271
337,Random-Dense-Nonuniform,n_flow,4,8,14,0.001531649992102757,14,0.011299870995571837,14,3.555711674998747,13,0.005435083992779255
338,Random-Dense-Nonuniform,n_flow,5,16,30,0.0024327279825229198,30,0.019530015997588634,36,4.895682924980065,29,0.01670052998815663
339,Random-Dense-Nonuniform,n_flow,6,32,62,0.0041504339897073805,62,0.03943714397610165,72,4.178153924993239,61,0.061531490995548666
340,Random-Dense-Nonuniform,n_flow,7,64,126,0.01512145300512202,126,0.08850999700371176,162,9.765432124986546,125,0.29885984101565555
341,Random-Dense-Nonuniform,n_flow,8,128,254,0.03870923098293133,254,0.2057702580059413,303,10.489992374990834,253,1.322014165984001
342,Random-Dense-Nonuniform,n_flow,9,256,510,0.10554938900168054,510,0.635124566993909,598,11.602774769999087,509,5.556004214973655
343,Random-Sparse-Uniform,n_flow,3,3,2,0.0005933739885222167,2,0.004061449988512322,2,0.9678651140129659,1,0.0006883119931444526
344,Random-Sparse-Uniform,n_flow,4,4,6,0.0008197950082831085,6,0.005542572995182127,5,3.3618742050020956,3,0.001636334985960275
345,Random-Sparse-Uniform,m_flow,5,5,9,0.0064674570166971534,8,0.02286687499145046,9,2.455487710016314,6,0.0018167109810747206
346,Random-Sparse-Uniform,m_flow,6,6,19,0.02493265102384612,17,0.01832771798945032,17,2.0344517509802245,15,0.0036223899805918336
347,Random-Sparse-Uniform,m_flow,7,7,19,0.05969682801514864,18,0.026448258984601125,17,1.7175754409981892,14,0.0035071570018772036
348,Random-Sparse-Uniform,m_flow,8,8,26,0.4031054069928359,24,0.021244264993583784,26,1.4815615539846476,20,0.005532186012715101
349,Random-Sparse-Uniform,m_flow,9,9,30,0.5145868939871434,26,0.039885225996840745,26,1.8785934340266977,25,0.006981431011809036
350,Random-Sparse-Nonuniform,n_flow,3,3,6,0.0009981279727071524,6,0.005726005008909851,6,3.595988832996227,2,0.0015727269928902388
351,Random-Sparse-Nonuniform,n_flow,4,4,14,0.0014516520022880286,12,0.009112125990213826,12,4.188250456994865,6,0.0031460059981327504
352,Random-Sparse-Nonuniform,m_flow,5,5,14,0.010303718008799478,12,0.0192910970072262,13,3.7426567880029324,11,0.0026367169921286404
353,Random-Sparse-Nonuniform,m_flow,6,6,11,0.02301177300978452,11,0.00787891200161539,11,1.2927529129956383,7,0.0025490330008324236
354,Random-Sparse-Nonuniform,m_flow,7,7,23,0.0625883090251591,23,0.012502325989771634,21,1.3952553239942063,18,0.0037577939801849425
355,Random-Sparse-Nonuniform,m_flow,8,8,30,0.1519477289984934,30,0.014504485006909817,28,1.480394726007944,26,0.006532236002385616
356,Random-Sparse-Nonuniform,m_flow,9,9,31,0.7917281779809855,30,0.03483420400880277,30,1.4934423890081234,24,0.006067840993637219
357,Random-Dense-Uniform,n_flow,3,4,6,0.0008574249804951251,6,0.005393325001932681,6,4.048224667989416,3,0.0015448750054929405
358,Random-Dense-Uniform,n_flow,4,8,14,0.00135662397951819,14,0.009303451981395483,14,2.9428886149835307,13,0.005631087988149375
359,Random-Dense-Uniform,n_flow,5,16,30,0.002293759025633335,26,0.016270340012852103,33,3.696528202010086,29,0.01501309999730438
360,Random-Dense-Uniform,n_flow,6,32,62,0.0046895779960323125,60,0.034550459997262806,77,8.330772005021572,61,0.058625053003197536
361,Random-Dense-Uniform,n_flow,7,64,126,0.014484825980616733,124,0.07565192499896511,140,9.710859173996141,125,0.27966860300512053
362,Random-Dense-Uniform,n_flow,8,128,252,0.040612770011648536,252,0.2668190560070798,338,6.997772208997048,250,1.4739010259800125
363,Random-Dense-Uniform,n_flow,9,256,510,0.06417806699755602,510,0.49135711800772697,594,14.261846998007968,509,5.711562309996225
364,Random-Dense-Nonuniform,n_flow,3,4,6,0.0008468749874737114,6,0.0058784309949260205,5,2.118222435005009,3,0.001569491985719651
365,Random-Dense-Nonuniform,n_flow,4,8,14,0.001397389976773411,14,0.010354491008911282,13,3.396343180007534,11,0.004664609994506463
366,Random-Dense-Nonuniform,n_flow,5,16,30,0.0022931979910936207,30,0.02113122498849407,38,4.706625479011564,29,0.01690553198568523
367,Random-Dense-Nonuniform,n_flow,6,32,62,0.004327814996941015,62,0.040765685989754274,65,6.164040049014147,61,0.0726978619932197
368,Random-Dense-Nonuniform,n_flow,7,64,126,0.01656017900677398,126,0.08061183799873106,135,7.1716662060061935,125,0.38295496499631554
369,Random-Dense-Nonuniform,n_flow,8,128,254,0.0325280659890268,254,0.27301174600142986,321,11.699926374014467,253,1.2534261270193383
370,Random-Dense-Nonuniform,n_flow,9,256,510,0.0664614739944227,510,0.5975609600136522,639,12.173879794980166,509,5.383877042011591
371,Random-Sparse-Uniform,n_flow,3,3,6,0.0009408599871676415,6,0.005470000993227586,5,3.417597185005434,2,0.0009923070028889924
372,Random-Sparse-Uniform,n_flow,4,4,14,0.0012829680053982884,14,0.008242649986641482,14,4.156887440971332,6,0.0031352450023405254
373,Random-Sparse-Uniform,m_flow,5,5,12,0.00807640198036097,12,0.006598950014449656,12,1.813940153020667,9,0.002121269004419446
374,Random-Sparse-Uniform,m_flow,6,6,17,0.03001514801871963,15,0.01844621100462973,15,1.9712958419986535,13,0.0034188729769084603
375,Random-Sparse-Uniform,m_flow,7,7,27,0.0783889839949552,25,0.019998037023469806,23,1.4850300770194735,21,0.004198191978503019
376,Random-Sparse-Uniform,m_flow,8,8,27,0.22542909398907796,25,0.025688044988783076,27,1.9850484789931215,21,0.005733719997806475
377,Random-Sparse-Uniform,m_flow,9,9,40,0.19561251599225216,36,0.8615668510028627,35,2.436723659018753,35,0.008184962993254885
378,Random-Sparse-Nonuniform,n_flow,3,3,2,0.0005301870114635676,2,0.004809170990483835,2,0.9616982699953951,1,0.0007972439925651997
379,Random-Sparse-Nonuniform,n_flow,4,4,14,0.0013364670157898217,14,0.011159868008689955,16,3.381146945001092,3,0.0023479599913116544
380,Random-Sparse-Nonuniform,m_flow,5,5,14,0.008004805975360796,14,0.007731238991254941,13,1.4883652570133563,11,0.001975857012439519
381,Random-Sparse-Nonuniform,m_flow,6,6,15,0.02497537899762392,15,0.00947242000256665,15,1.8365958279755432,11,0.0027743429818656296
382,Random-Sparse-Nonuniform,m_flow,7,7,19,0.03550508400076069,19,0.009980261005694047,19,1.463980619009817,14,0.003662736009573564
383,Random-Sparse-Nonuniform,m_flow,8,8,32,0.11254564300179482,30,0.027999065001495183,30,2.775733210000908,27,0.006849236000562087
384,Random-Sparse-Nonuniform,m_flow,9,9,41,1.4341405729937833,39,0.03319526798441075,38,2.6442985979956575,34,0.008346230984898284
385,Random-Dense-Uniform,n_flow,3,4,6,0.0008519050024915487,6,0.0056114539911504835,6,3.017782000999432,3,0.0019607690046541393
386,Random-Dense-Uniform,n_flow,4,8,12,0.00147771998308599,12,0.008562853996409103,14,2.399484368012054,12,0.005139463988598436
387,Random-Dense-Uniform,n_flow,5,16,30,0.0024079120194073766,30,0.020159143983619288,39,3.449548405013047,29,0.017239484004676342
388,Random-Dense-Uniform,n_flow,6,32,62,0.004951084993081167,62,0.03695105802034959,77,4.521609126008116,61,0.4000947210006416
389,Random-Dense-Uniform,n_flow,7,64,126,0.013673698995262384,126,0.079564109997591,151,6.1848335469840094,125,0.3683340239804238
390,Random-Dense-Uniform,n_flow,8,128,254,0.0424831910058856,254,0.18586589899496175,312,8.749000750976847,253,1.1904166770109441
391,Random-Dense-Uniform,n_flow,9,256,510,0.06733691599220037,510,0.588394356018398,654,16.144806827011053,509,5.279702387022553
392,Random-Dense-Nonuniform,n_flow,3,4,6,0.0008457239891868085,6,0.0062931910215411335,6,3.7420006619940978,3,0.0015760440146550536
393,Random-Dense-Nonuniform,n_flow,4,8,14,0.0014915450010448694,14,0.011041440011467785,16,4.303500637994148,13,0.005012237990740687
394,Random-Dense-Nonuniform,n_flow,5,16,30,0.002406829997198656,30,0.018561764009064063,35,6.386009719019057,29,0.019503978022839874
395,Random-Dense-Nonuniform,n_flow,6,32,62,0.004270395991625264,62,0.0393817400035914,64,3.302507604996208,61,0.06253064100746997
396,Random-Dense-Nonuniform,n_flow,7,64,126,0.015207429009024054,126,0.086561381991487,167,6.561069801013218,125,0.28208979801274836
397,Random-Dense-Nonuniform,n_flow,8,128,254,0.05315386998699978,254,0.28073261998360977,333,9.823956314998213,253,1.2765326440276112
398,Random-Dense-Nonuniform,n_flow,9,256,510,0.07288823599810712,510,0.617803692992311,660,18.377373922994593,509,5.4583360480028205
399,Random-Sparse-Uniform,n_flow,3,3,6,0.0008190739899873734,6,0.005085885990411043,3,1.1405491059995256,3,0.0015873649972490966
400,Random-Sparse-Uniform,n_flow,4,4,10,0.0013838849845342338,10,0.008704281004611403,10,3.54051389900269,5,0.002711225999519229
401,Random-Sparse-Uniform,m_flow,5,5,9,0.00391997501719743,8,0.02320190900354646,8,2.2099553719745018,6,0.0018062310118693858
402,Random-Sparse-Uniform,m_flow,6,6,15,0.015040322003187612,13,0.024576739000622183,13,1.2956140929891262,10,0.0025992480223067105
403,Random-Sparse-Uniform,m_flow,7,7,26,0.07909877400379628,25,0.029581652983324602,26,2.3591078630124684,22,0.004744931007735431
404,Random-Sparse-Uniform,m_flow,8,8,32,0.14188554100110196,30,0.027357322978787124,29,2.8247044199961238,26,0.006555658997967839
405,Random-Sparse-Uniform,m_flow,9,9,37,0.7297714420128614,37,0.015427842998178676,41,2.342334763990948,32,0.007309995009563863
406,Random-Sparse-Nonuniform,n_flow,3,3,2,0.0005078949907328933,2,0.00382292500580661,2,0.9659866119909566,1,0.0006163670041132718
407,Random-Sparse-Nonuniform,n_flow,4,4,14,0.0014261739852372557,14,0.010887671000091359,15,4.87734275101684,6,0.0031597389897797257
408,Random-Sparse-Nonuniform,m_flow,5,5,11,0.0073218570032622665,9,0.039868473017122597,9,1.2740987449942622,8,0.0019713280198629946
409,Random-Sparse-Nonuniform,m_flow,6,6,13,0.03175719900173135,13,0.007798705017194152,13,1.646392405993538,10,0.002642387989908457
410,Random-Sparse-Nonuniform,m_flow,7,7,24,0.08676832600031048,24,0.01278283097781241,20,1.5279445030028,19,0.00424873799784109
411,Random-Sparse-Nonuniform,m_flow,8,8,27,0.1474417099962011,24,0.03963612299412489,25,2.4063543349911924,20,0.005355738976504654
412,Random-Sparse-Nonuniform,m_flow,9,9,40,0.6769318150181789,40,0.016974619997199625,41,2.1838915100088343,35,0.008293583989143372
413,Random-Dense-Uniform,n_flow,3,4,6,0.0008655699784867465,6,0.005384059011703357,6,4.44326749801985,3,0.0016195840144064277
414,Random-Dense-Uniform,n_flow,4,8,14,0.0013734159874729812,14,0.008920940977986902,15,3.562671229010448,10,0.004200124996714294
415,Random-Dense-Uniform,n_flow,5,16,26,0.0025074270088225603,26,0.016310524981236085,32,3.4211384409863967,25,0.01574791900929995
416,Random-Dense-Uniform,n_flow,6,32,62,0.004298240004573017,62,0.03709774601156823,81,7.991861165006412,61,0.07250557298539206
417,Random-Dense-Uniform,n_flow,7,64,126,0.016796697018435225,126,0.07800451799994335,171,8.93669635101105,125,0.2980383840040304
418,Random-Dense-Uniform,n_flow,8,128,252,0.04003105798619799,252,0.18854671699227765,275,6.935199909989024,250,1.2224055669794325
419,Random-Dense-Uniform,n_flow,9,256,510,0.06813550999504514,508,0.5656609679863323,604,11.672446826007217,509,5.188754184986465
420,Random-Dense-Nonuniform,n_flow,3,4,6,0.0008983510197140276,6,0.006350348994601518,6,3.2687960129987914,3,0.001541468984214589
421,Random-Dense-Nonuniform,n_flow,4,8,14,0.001352776977000758,14,0.012480788020184264,14,4.325878120987909,13,0.005458588013425469
422,Random-Dense-Nonuniform,n_flow,5,16,30,0.0023084760177880526,30,0.019052307005040348,32,6.25072761400952,27,0.017170051985885948
423,Random-Dense-Nonuniform,n_flow,6,32,62,0.00421747998916544,62,0.03971720300614834,74,5.489749339991249,61,0.06618781399447471
424,Random-Dense-Nonuniform,n_flow,7,64,126,0.015179631009232253,126,0.0832323259965051,145,7.611512331990525,125,0.4214101220131852
425,Random-Dense-Nonuniform,n_flow,8,128,254,0.03325258500990458,254,0.19225818698760122,314,11.65230290600448,253,1.2511955120135099
426,Random-Dense-Nonuniform,n_flow,9,256,510,0.06419766499311663,510,0.5601272079802584,704,14.040282843983732,509,5.315328718017554
427,Random-Sparse-Uniform,n_flow,3,3,2,0.0005188460054341704,2,0.004050790012115613,2,0.9691200800007209,1,0.0006288699805736542
428,Random-Sparse-Uniform,n_flow,4,4,14,0.0013741069997195154,14,0.009357675997307524,14,5.485638283018488,4,0.003321372001664713
429,Random-Sparse-Uniform,m_flow,5,5,13,0.008530764986062422,13,0.008326684997882694,11,1.6319895070046186,10,0.0019387869979254901
430,Random-Sparse-Uniform,m_flow,6,6,14,0.018748831993434578,14,0.008218895003665239,12,1.8670147139928304,10,0.0028937850147485733
431,Random-Sparse-Uniform,m_flow,7,7,19,0.06990299301105551,17,0.018090046010911465,19,1.5930435599875636,15,0.00401515097473748
432,Random-Sparse-Uniform,m_flow,8,8,21,0.14413735299604014,20,0.027052114019170403,22,1.410556786984671,16,0.0046837069967295974
433,Random-Sparse-Uniform,m_flow,9,9,41,0.6361344449978787,41,0.017048977984813973,44,1.6357787779998034,35,0.007761664019199088
434,Random-Sparse-Nonuniform,n_flow,3,3,4,0.0007979049987625331,3,0.016698344988981262,4,0.9728876969893463,2,0.001132737990701571
435,Random-Sparse-Nonuniform,n_flow,4,4,14,0.0014911660109646618,14,0.009997924003982916,16,4.947968007996678,5,0.0029614710074383765
436,Random-Sparse-Nonuniform,m_flow,5,5,10,0.003687863005325198,10,0.007979889982379973,10,2.9760676650039386,7,0.0022097920009400696
437,Random-Sparse-Nonuniform,m_flow,6,6,13,0.017377638985635713,13,0.008447359985439107,12,1.3414228439796716,9,0.0027552079991437495
438,Random-Sparse-Nonuniform,m_flow,7,7,23,0.06392838200554252,23,0.010780960001284257,23,1.5209701799903996,19,0.0040830599900800735
439,Random-Sparse-Nonuniform,m_flow,8,8,24,0.16264037598739378,24,0.012973595992662013,26,1.8313806929800194,19,0.004899958003079519
440,Random-Sparse-Nonuniform,m_flow,9,9,42,0.9509199259919114,38,0.040292732999660075,40,2.4065022020076867,37,0.008983959996839985
441,Random-Dense-Uniform,n_flow,3,4,6,0.0008382700034417212,6,0.0071562879893463105,6,3.5020385710231494,3,0.0015405870217364281
442,Random-Dense-Uniform,n_flow,4,8,14,0.0013492009893525392,14,0.008629190007923171,14,4.092536935990211,10,0.004565786977764219
443,Random-Dense-Uniform,n_flow,5,16,30,0.0028237960068508983,30,0.016732122021494433,32,5.18256794201443,29,0.017162668984383345
444,Random-Dense-Uniform,n_flow,6,32,62,0.004135005990974605,62,0.0328871350211557,66,4.568495804007398,61,0.06523441997705959
445,Random-Dense-Uniform,n_flow,7,64,126,0.015271884010871872,126,0.0783668200019747,145,9.019030916999327,125,0.3037260179989971
446,Random-Dense-Uniform,n_flow,8,128,254,0.041331838991027325,254,0.2464285450114403,305,11.3207586449862,253,1.5623302210005932
447,Random-Dense-Uniform,n_flow,9,256,510,0.10785469901748002,510,0.5790093619725667,646,13.791674078995129,509,5.579726289986866
448,Random-Dense-Nonuniform,n_flow,3,4,6,0.0008616529812570661,6,0.006839316978584975,6,3.703203372977441,3,0.0015825650189071894
449,Random-Dense-Nonuniform,n_flow,4,8,14,0.0013397129951044917,14,0.011069269996369258,16,3.726742925995495,13,0.00492086898884736
450,Random-Dense-Nonuniform,n_flow,5,16,30,0.00245073001133278,30,0.02207156500662677,34,5.279508756007999,29,0.015929441986372694
451,Random-Dense-Nonuniform,n_flow,6,32,62,0.0042788620048668236,62,0.03947377999429591,78,5.567084239010001,61,0.07522444298956543
452,Random-Dense-Nonuniform,n_flow,7,64,126,0.01554117098567076,126,0.08871862600790337,166,6.563991287985118,125,0.30772795600933023
453,Random-Dense-Nonuniform,n_flow,8,128,254,0.03548044100170955,254,0.26654400100233033,293,11.14824554300867,253,1.2535437119950075
454,Random-Dense-Nonuniform,n_flow,9,256,510,0.06605121999746189,510,0.6234161870088428,650,12.181335419998504,509,5.62456793099409
455,Random-Sparse-Uniform,n_flow,3,3,2,0.0006773310014978051,2,0.004460530006326735,2,0.9598382990225218,1,0.000661892001517117
456,Random-Sparse-Uniform,n_flow,4,4,2,0.0007336150156334043,1,0.015857402002438903,1,0.9832216489885468,1,0.0009172580030281097
457,Random-Sparse-Uniform,m_flow,5,5,13,0.006661907013040036,13,0.0065443200001027435,13,1.283645855000941,10,0.0019622220133896917
458,Random-Sparse-Uniform,m_flow,6,6,21,0.014831973996479064,21,0.010108463000506163,23,2.4845409970148467,19,0.0037843520112801343
459,Random-Sparse-Uniform,m_flow,7,7,22,0.03970464100711979,21,0.05388547098846175,21,1.7270725760026835,17,0.0036455660010688007
460,Random-Sparse-Uniform,m_flow,8,8,33,0.34284762598690577,31,0.024367108999285847,33,2.5853600800037384,28,0.006111936003435403
461,Random-Sparse-Uniform,m_flow,9,9,37,0.4191229229909368,37,0.0166477810125798,38,2.4004263740207534,33,0.007484016008675098
462,Random-Sparse-Nonuniform,n_flow,3,3,6,0.0008238540031015873,6,0.005630577972624451,3,1.165088645007927,3,0.0014763270155526698
463,Random-Sparse-Nonuniform,n_flow,4,4,14,0.0013137959758751094,12,0.00854210599209182,12,3.085161511990009,6,0.0030708549893461168
464,Random-Sparse-Nonuniform,m_flow,5,5,9,0.007139217981602997,9,0.006990999012487009,11,3.0433668269834016,6,0.001861875003669411
465,Random-Sparse-Nonuniform,m_flow,6,6,13,0.017313417978584766,12,0.028516799007775262,13,2.607596021000063,9,0.0025880169996526092
466,Random-Sparse-Nonuniform,m_flow,7,7,22,0.04100496100727469,21,0.02778471799683757,20,1.9237725929997396,17,0.0037559310148935765
467,Random-Sparse-Nonuniform,m_flow,8,8,21,0.12860503501724452,21,0.012059703993145376,23,3.4464468139922246,16,0.00529662799090147
468,Random-Sparse-Nonuniform,m_flow,9,9,36,0.34129566501360387,36,0.017014494020259008,36,2.4175057940010447,33,0.008484357997076586
469,Random-Dense-Uniform,n_flow,3,4,6,0.0008541190181858838,6,0.005733137979405001,6,2.6839069509878755,3,0.001535195973701775
470,Random-Dense-Uniform,n_flow,4,8,14,0.0015401370183099061,14,0.010061163979116827,15,7.13861963499221,13,0.005888949992367998
471,Random-Dense-Uniform,n_flow,5,16,30,0.00276151901925914,30,0.017537017993163317,35,3.378181776002748,29,0.016424406989244744
472,Random-Dense-Uniform,n_flow,6,32,62,0.004489245999138802,62,0.03554277599323541,75,6.884207094000885,61,0.06669750198489055
473,Random-Dense-Uniform,n_flow,7,64,126,0.014589814003556967,126,0.08103852299973369,152,7.758306011004606,125,0.2963388809876051
474,Random-Dense-Uniform,n_flow,8,128,252,0.03718388901324943,252,0.2637702460051514,327,9.469207763002487,252,1.408947043993976
0,Random-Sparse-Uniform,n_flow,3,3,2,0.0026755499999921994,2,0.00671950899999274,2,0.9666994300000056,1,0.0006819289999953071
1,Random-Sparse-Uniform,n_flow,4,4,14,0.0012637020000170196,13,0.027468822999992426,15,1.8328011039999978,5,0.00374076299999615
2,Random-Sparse-Uniform,m_flow,5,5,9,0.007014868000055685,9,0.006536997000011979,9,1.5140707500000303,6,0.001994242000023405
3,Random-Sparse-Uniform,m_flow,6,6,14,0.018350358000020606,13,0.04114447500001006,13,1.31597909300001,10,0.002679306999993969
4,Random-Sparse-Uniform,m_flow,7,7,21,0.10146449199999097,20,0.02885090299997728,21,2.1044208750000166,17,0.004459762999999839
5,Random-Sparse-Uniform,m_flow,8,8,36,0.1511174839999967,35,0.04732348999999658,35,1.5965127659999894,31,0.005599454999980935
6,Random-Sparse-Uniform,m_flow,9,9,35,0.9721808609999698,30,0.058571529000005285,32,2.4130900669999846,27,0.007239916000003177
7,Random-Sparse-Nonuniform,n_flow,3,3,4,0.0007862830000249232,3,0.017608328000051188,4,0.967908991999991,2,0.0011026430000242726
8,Random-Sparse-Nonuniform,n_flow,4,4,14,0.0011653400000000147,14,0.010085540999966724,16,2.4027409789999865,3,0.0022868280000238883
9,Random-Sparse-Nonuniform,m_flow,5,5,10,0.00728240400002278,10,0.0067965519999688695,9,1.721443459999989,7,0.001958306000005905
10,Random-Sparse-Nonuniform,m_flow,6,6,19,0.04154951200001733,16,0.03980932400003212,16,1.284840043000031,14,0.002932628999985809
11,Random-Sparse-Nonuniform,m_flow,7,7,20,0.08081558200001382,20,0.01055522599995129,20,1.872945962000017,15,0.0037134319999836407
12,Random-Sparse-Nonuniform,m_flow,8,8,27,0.20688659300003565,26,0.043801289999976234,27,1.4223616289999654,22,0.005200919999992948
13,Random-Sparse-Nonuniform,m_flow,9,9,39,0.4858171389999484,36,0.06391482100002577,37,2.1767171400000507,35,0.008403611999995064
14,Random-Sparse-Uniform,n_flow,3,3,2,0.0005673559999763711,2,0.0036556339999833654,2,0.9672912330000258,1,0.0007775870000159557
15,Random-Sparse-Uniform,n_flow,4,4,14,0.001231772999972236,14,0.010030029999995804,18,4.063376321000021,3,0.002361155000016879
16,Random-Sparse-Uniform,m_flow,5,5,11,0.009663466999995762,11,0.006772606000026826,12,1.5451759929999866,8,0.001959809000027235
17,Random-Sparse-Uniform,m_flow,6,6,18,0.016431353000029958,16,0.04556325100003278,15,2.1640855980000424,15,0.0033267109999997047
18,Random-Sparse-Uniform,m_flow,7,7,23,0.08744815800002925,20,0.04152954199997794,19,1.6607632650000141,18,0.004495147000000088
19,Random-Sparse-Uniform,m_flow,8,8,27,0.19129505099999733,27,0.011960310999995727,26,1.7079000120000387,21,0.005092507999961526
20,Random-Sparse-Uniform,m_flow,9,9,35,0.28742769300004056,34,0.04875326999996332,32,2.744635910999989,30,0.007411244000024908
21,Random-Sparse-Nonuniform,n_flow,3,3,6,0.0008455839999896853,6,0.00580618899999763,5,2.3726073800000336,2,0.0013983839999696102
22,Random-Sparse-Nonuniform,n_flow,4,4,14,0.0013035059999992882,14,0.008658916000001682,16,3.331514553999966,6,0.003751142999988133
23,Random-Sparse-Nonuniform,m_flow,5,5,9,0.0065536200000337885,8,0.038347158999954445,8,1.4332124690000114,6,0.001893064000000777
24,Random-Sparse-Nonuniform,m_flow,6,6,19,0.03687924999996994,15,0.03465045100000452,17,2.2873112780000042,16,0.003400240000019039
25,Random-Sparse-Nonuniform,m_flow,7,7,22,0.10033309300001747,20,0.021453925999992407,20,2.5746112399999674,17,0.005586649000008492
26,Random-Sparse-Nonuniform,m_flow,8,8,28,0.14604716899998493,28,0.014106900999991012,25,1.7323792330000174,22,0.004877830999987509
27,Random-Sparse-Nonuniform,m_flow,9,9,34,0.7848532979999732,34,0.0173307209999507,32,1.6703103750000423,28,0.007147252999970988
28,Random-Sparse-Uniform,n_flow,3,3,6,0.0007133580000413531,6,0.005415061000007881,5,4.1664801539999985,2,0.0010284040000101413
29,Random-Sparse-Uniform,n_flow,4,4,12,0.0012421220000078392,11,0.01703925699996489,13,1.659903863000011,5,0.0028007739999793557
30,Random-Sparse-Uniform,m_flow,5,5,8,0.009227226999996674,6,0.02054639599998609,6,1.1837714830000436,4,0.001726834000010058
31,Random-Sparse-Uniform,m_flow,6,6,19,0.020157352000012452,18,0.036252890000014304,19,2.8970302029999857,15,0.0030719790000262037
32,Random-Sparse-Uniform,m_flow,7,7,28,0.11925980699999172,26,0.02979841899997382,31,2.634590903000003,23,0.004984226999965813
33,Random-Sparse-Uniform,m_flow,8,8,29,0.3119789429999855,28,0.03039269499998909,27,2.6409135810000066,24,0.005626263000010567
34,Random-Sparse-Uniform,m_flow,9,9,36,0.6237342259999537,34,0.02814133499998661,37,2.652733927999975,30,0.008409294000045975
35,Random-Sparse-Nonuniform,n_flow,3,3,6,0.0008683259999884285,5,0.014543273000015233,5,3.1949760250000168,2,0.0011068709999904058
36,Random-Sparse-Nonuniform,n_flow,4,4,14,0.0012869459999933497,12,0.008667344000002686,11,2.1822009120000416,6,0.003188254000008328
37,Random-Sparse-Nonuniform,m_flow,5,5,9,0.006066562000000886,9,0.007039844000019002,9,1.42419011100003,6,0.00197508700000526
38,Random-Sparse-Nonuniform,m_flow,6,6,16,0.03376376699998218,15,0.03941265499997826,16,2.7955290200000036,12,0.003018779999990784
39,Random-Sparse-Nonuniform,m_flow,7,7,25,0.053716999000016585,25,0.011584135000020979,25,3.0544504590000088,22,0.004946638000035364
40,Random-Sparse-Nonuniform,m_flow,8,8,32,0.2790844149999998,32,0.014323702000012872,29,2.085936299000025,28,0.0063883400000008805
41,Random-Sparse-Nonuniform,m_flow,9,9,39,0.34885110999999824,36,0.0550659010000345,39,3.6400391210000294,34,0.007932736999975987
42,Random-Sparse-Uniform,n_flow,3,3,6,0.0007891289999975015,6,0.005408708000004481,6,4.4266172699999515,2,0.0013329600000133723
43,Random-Sparse-Uniform,n_flow,4,4,14,0.0013409659999865653,13,0.01836349299998119,15,2.9331904669999744,5,0.002783842999974695
44,Random-Sparse-Uniform,m_flow,5,5,13,0.006967979000023661,13,0.007936303999997563,12,1.8857085569999867,10,0.0023681590000137476
45,Random-Sparse-Uniform,m_flow,6,6,17,0.025724012000011953,17,0.011891036000008626,17,2.4597665379999967,14,0.003629085000000032
46,Random-Sparse-Uniform,m_flow,7,7,26,0.12045517599995037,24,0.023695856999950138,27,2.1086531629999854,21,0.004699557000037657
47,Random-Sparse-Uniform,m_flow,8,8,30,0.24719009799997593,28,0.026872470999990128,29,1.4646036309999317,24,0.006007933999967463
48,Random-Sparse-Uniform,m_flow,9,9,38,0.6042781200000036,34,0.037012984999932996,34,2.4055887719999873,32,0.0077974829999902795
49,Random-Sparse-Nonuniform,n_flow,3,3,2,0.000500001000091288,2,0.0038559779999332022,2,0.9630791549999458,1,0.0006497299999637107
50,Random-Sparse-Nonuniform,n_flow,4,4,14,0.0013625469999851703,14,0.010910368000054405,16,3.263098842999966,3,0.002614707000020644
51,Random-Sparse-Nonuniform,m_flow,5,5,11,0.00638347199992495,11,0.007416454000008343,12,1.434680051999976,8,0.0019375960000616033
52,Random-Sparse-Nonuniform,m_flow,6,6,17,0.03128715800005466,17,0.009189144000060878,18,1.6592889890000606,14,0.0032387979999839445
53,Random-Sparse-Nonuniform,m_flow,7,7,22,0.06722290099992279,19,0.03986897400000089,18,2.020154204999926,18,0.0039938639999945735
54,Random-Sparse-Nonuniform,m_flow,8,8,27,0.3025489879998986,27,0.016016250999996373,27,2.3740302620000193,22,0.00606530900006419
55,Random-Sparse-Nonuniform,m_flow,9,9,42,0.3666301969999495,40,0.03195563300005233,45,2.804187168999988,38,0.009121899000092526
56,Random-Sparse-Uniform,n_flow,3,3,6,0.0009617199999638615,6,0.0046961210000517895,3,1.2624825420000434,3,0.0014069090000248252
57,Random-Sparse-Uniform,n_flow,4,4,10,0.001224359999923763,10,0.00850754499992945,10,4.7356101750000335,4,0.0028612759999759874
58,Random-Sparse-Uniform,m_flow,5,5,11,0.010487342000033095,11,0.007180284000014581,11,1.6331080389999215,8,0.0020034000000350716
59,Random-Sparse-Uniform,m_flow,6,6,14,0.026445967999961795,12,0.06344634099991708,13,1.8275752160000138,10,0.0028956510000170965
60,Random-Sparse-Uniform,m_flow,7,7,19,0.04176977999998144,19,0.009099878000029094,19,1.9472167679999757,14,0.0038831470000104673
61,Random-Sparse-Uniform,m_flow,8,8,28,0.12075239199998578,27,0.044211937000000034,27,1.6392365969999219,23,0.006166968000002271
62,Random-Sparse-Uniform,m_flow,9,9,42,0.495391963999964,40,0.030745449999926677,40,2.262761662999992,38,0.008558569000001626
63,Random-Sparse-Nonuniform,n_flow,3,3,4,0.0008076840000512675,3,0.012756625000065469,4,1.0216584690000445,2,0.0010699620000877985
64,Random-Sparse-Nonuniform,n_flow,4,4,14,0.0014717990000008285,14,0.009602955999980622,15,3.0727406580000434,6,0.0036393259999840666
0,Random-Sparse-Uniform,m_flow,11,11,55,11.229679817999909,55,0.02534109099997295,53,2.3849054130000695,48,0.013236871000003703
1,Random-Sparse-Uniform,m_flow,12,12,72,66.28186065200009,68,0.05805762199997844,68,2.6758350490000566,64,0.01787776899993787
2,Random-Sparse-Uniform,m_flow,13,13,78,30.410219561999952,74,0.055283826000049885,73,3.1005257079999637,69,0.018663501999981236
3,Random-Sparse-Uniform,m_flow,14,14,95,312.04196669199996,95,0.05462726699988707,95,3.0739080379998995,87,0.02388726599997426
4,Random-Sparse-Uniform,m_flow,15,15,124,698.3428816989999,120,0.06901172999982919,122,2.9028951679999864,118,0.03188617399996474
5,Random-Sparse-Uniform,m_flow,16,16,135,3310.924111493,135,0.06278000000020256,141,2.879916842000057,129,0.036305010999967635
