cx,time,num_qubits,cardinality,method
,0.04915306499970029,3,$m = n$,sota
3.0,0.0015215660005196696,3,$m = n$,ours
5.0,0.058743820999552554,3,$m = n$,m-flow
23.0,0.04418205699948885,4,$m = n$,sota
6.0,0.3643193899997641,4,$m = n$,ours
10.0,0.011195727000085753,4,$m = n$,m-flow
25.0,0.04486845799965522,5,$m = n$,sota
12.0,0.47333416900073644,5,$m = n$,ours
16.0,0.01429821500005346,5,$m = n$,m-flow
337.0,0.044929059999958554,6,$m = n$,sota
12.0,0.03952643800039368,6,$m = n$,ours
16.0,0.017995113999859313,6,$m = n$,m-flow
152.0,0.045023385999229504,7,$m = n$,sota
19.0,2.875646976000098,7,$m = n$,ours
30.0,0.019338226999934705,7,$m = n$,m-flow
419.0,0.04453920200012362,8,$m = n$,sota
27.0,0.03994162199978746,8,$m = n$,ours
42.0,0.02860309999960009,8,$m = n$,m-flow
324.0,0.04782431599960546,9,$m = n$,sota
42.0,0.46524944599968876,9,$m = n$,ours
51.0,0.031859511000220664,9,$m = n$,m-flow
617.0,0.046348271000169916,10,$m = n$,sota
39.0,2.9602712979994976,10,$m = n$,ours
55.0,0.03391116500006319,10,$m = n$,m-flow
584.0,0.04527240199968219,11,$m = n$,sota
53.0,0.46714681399953406,11,$m = n$,ours
91.0,0.04794144600055006,11,$m = n$,m-flow
898.0,0.04437521699946956,12,$m = n$,sota
75.0,0.0075250859999869135,12,$m = n$,ours
105.0,0.05044876900046802,12,$m = n$,m-flow
985.0,0.04391607199977443,13,$m = n$,sota
73.0,0.04670031299974653,13,$m = n$,ours
101.0,0.05532624200077407,13,$m = n$,m-flow
1062.0,0.06925907200002257,14,$m = n$,sota
93.0,0.010469584000020404,14,$m = n$,ours
138.0,0.0672732309994899,14,$m = n$,m-flow
1252.0,0.07221515199944406,15,$m = n$,sota
102.0,0.011385212000277534,15,$m = n$,ours
144.0,0.07338016599987895,15,$m = n$,m-flow
1241.0,0.07684652599982655,16,$m = n$,sota
131.0,0.013225263999629533,16,$m = n$,ours
174.0,0.07562242400035757,16,$m = n$,m-flow
1391.0,0.07033712300017214,17,$m = n$,sota
134.0,0.01500382699941838,17,$m = n$,ours
208.0,0.09021759200004453,17,$m = n$,m-flow
1328.0,0.09151018200009275,18,$m = n$,sota
171.0,0.01548740100042778,18,$m = n$,ours
223.0,0.10257996400014235,18,$m = n$,m-flow
1403.0,0.09726443700037635,19,$m = n$,sota
177.0,0.017171630000120786,19,$m = n$,ours
246.0,0.17506823500025348,19,$m = n$,m-flow
1630.0,0.11029873699953896,20,$m = n$,sota
191.0,0.019074807999459154,20,$m = n$,ours
250.0,0.1479643880002186,20,$m = n$,m-flow
,0.05026606899991748,3,$m = n$,sota
2.0,0.0018385280000075,3,$m = n$,ours
3.0,0.009030472000631562,3,$m = n$,m-flow
24.0,0.045651958999769704,4,$m = n$,sota
5.0,0.01870831399992312,4,$m = n$,ours
8.0,0.012231112000335997,4,$m = n$,m-flow
41.0,0.048946378999971785,5,$m = n$,sota
7.0,0.6825470580006368,5,$m = n$,ours
23.0,0.018630067999765743,5,$m = n$,m-flow
159.0,0.044685619000119914,6,$m = n$,sota
10.0,9.252759065000646,6,$m = n$,ours
30.0,0.020898365999528323,6,$m = n$,m-flow
260.0,0.04938813499938988,7,$m = n$,sota
18.0,0.38528564699936396,7,$m = n$,ours
23.0,0.018288551999830815,7,$m = n$,m-flow
263.0,0.04322698800024227,8,$m = n$,sota
22.0,2.7243646659999285,8,$m = n$,ours
28.0,0.06270362500072224,8,$m = n$,m-flow
554.0,0.04973039200012863,9,$m = n$,sota
43.0,0.00670482700024877,9,$m = n$,ours
62.0,0.033669243999611354,9,$m = n$,m-flow
594.0,0.0467297969998981,10,$m = n$,sota
49.0,0.4571217679995243,10,$m = n$,ours
63.0,0.033635149000474485,10,$m = n$,m-flow
756.0,0.04486719699980313,11,$m = n$,sota
55.0,0.3696497739992992,11,$m = n$,ours
91.0,0.04397570399942197,11,$m = n$,m-flow
515.0,0.0447258320000401,12,$m = n$,sota
60.0,0.3439323130005505,12,$m = n$,ours
89.0,0.04253498800062516,12,$m = n$,m-flow
843.0,0.04531236599996191,13,$m = n$,sota
77.0,0.3598824640002931,13,$m = n$,ours
106.0,0.049606268999923486,13,$m = n$,m-flow
991.0,0.07063071300035517,14,$m = n$,sota
102.0,0.011141689000396582,14,$m = n$,ours
142.0,0.05960849600069196,14,$m = n$,m-flow
1066.0,0.06839949400000478,15,$m = n$,sota
117.0,0.012344910000138043,15,$m = n$,ours
157.0,0.06683934400007274,15,$m = n$,m-flow
1185.0,0.0706917239995164,16,$m = n$,sota
124.0,0.013378018999901542,16,$m = n$,ours
184.0,0.0809006359995692,16,$m = n$,m-flow
1204.0,0.07906325799922342,17,$m = n$,sota
136.0,0.015031279000140785,17,$m = n$,ours
209.0,0.09107017099995574,17,$m = n$,m-flow
1215.0,0.08629092299997865,18,$m = n$,sota
153.0,0.01581179599997995,18,$m = n$,ours
231.0,0.10340372900009243,18,$m = n$,m-flow
1419.0,0.09910513700015144,19,$m = n$,sota
174.0,0.36168293499940773,19,$m = n$,ours
250.0,0.11828977999994095,19,$m = n$,m-flow
1725.0,0.10460885700013023,20,$m = n$,sota
195.0,0.019168992999766488,20,$m = n$,ours
251.0,0.20248755699958565,20,$m = n$,m-flow
,0.048346859000048426,3,$m = n$,sota
3.0,0.0013652349998665159,3,$m = n$,ours
4.0,0.008316562999425514,3,$m = n$,m-flow
25.0,0.048384041000645084,4,$m = n$,sota
6.0,0.3933043799997904,4,$m = n$,ours
8.0,0.010552923999966879,4,$m = n$,m-flow
62.0,0.045058050000079675,5,$m = n$,sota
9.0,0.3605923740005892,5,$m = n$,ours
13.0,0.013004278999687813,5,$m = n$,m-flow
151.0,0.044966992999434297,6,$m = n$,sota
17.0,0.041303211999547784,6,$m = n$,ours
23.0,0.016111062999698333,6,$m = n$,m-flow
221.0,0.04591179099952569,7,$m = n$,sota
16.0,0.927911946999302,7,$m = n$,ours
32.0,0.02534523399936006,7,$m = n$,m-flow
340.0,0.04683514200041827,8,$m = n$,sota
32.0,0.006461766000029456,8,$m = n$,ours
45.0,0.0307286090001071,8,$m = n$,m-flow
493.0,0.04675714600034553,9,$m = n$,sota
42.0,0.0066415490000508726,9,$m = n$,ours
52.0,0.03436951899948326,9,$m = n$,m-flow
663.0,0.04402212900004088,10,$m = n$,sota
45.0,0.007102159000169195,10,$m = n$,ours
71.0,0.03978631400059385,10,$m = n$,m-flow
697.0,0.04137114900004235,11,$m = n$,sota
51.0,0.3804877909997231,11,$m = n$,ours
63.0,0.03536527200049022,11,$m = n$,m-flow
809.0,0.0446039419994122,12,$m = n$,sota
69.0,0.009011439999994764,12,$m = n$,ours
101.0,0.04720926000027248,12,$m = n$,m-flow
928.0,0.04939915199975076,13,$m = n$,sota
88.0,0.009554541000397876,13,$m = n$,ours
123.0,0.05632334900019487,13,$m = n$,m-flow
972.0,0.05679423800029326,14,$m = n$,sota
95.0,0.0109553930005859,14,$m = n$,ours
141.0,0.0583791620001648,14,$m = n$,m-flow
1041.0,0.06960587499997928,15,$m = n$,sota
101.0,0.44612869699994917,15,$m = n$,ours
146.0,0.06157022000024881,15,$m = n$,m-flow
1280.0,0.07834796400038613,16,$m = n$,sota
123.0,0.013590293999186542,16,$m = n$,ours
179.0,0.07929987799980154,16,$m = n$,m-flow
1152.0,0.0783781979998821,17,$m = n$,sota
151.0,0.014942453999537975,17,$m = n$,ours
213.0,0.08796741400055907,17,$m = n$,m-flow
1599.0,0.08385108200036484,18,$m = n$,sota
156.0,0.015846305999730248,18,$m = n$,ours
238.0,0.10346592999940185,18,$m = n$,m-flow
1529.0,0.09841627100013284,19,$m = n$,sota
170.0,0.01664241399976163,19,$m = n$,ours
228.0,0.11677888200028974,19,$m = n$,m-flow
1591.0,0.11356039199927181,20,$m = n$,sota
198.0,0.018841693000467785,20,$m = n$,ours
279.0,0.21771657600038452,20,$m = n$,m-flow
,0.047365540999635414,3,$m = n$,sota
2.0,0.0019843489999402664,3,$m = n$,ours
3.0,0.009435840999685752,3,$m = n$,m-flow
19.0,0.044570159000613785,4,$m = n$,sota
6.0,0.03772538999965036,4,$m = n$,ours
9.0,0.010568311000497488,4,$m = n$,m-flow
154.0,0.04466434799996932,5,$m = n$,sota
10.0,0.36235049099923344,5,$m = n$,ours
15.0,0.013061296000159928,5,$m = n$,m-flow
286.0,0.044829724000010174,6,$m = n$,sota
16.0,2.881981659000303,6,$m = n$,ours
27.0,0.021396685000581783,6,$m = n$,m-flow
264.0,0.04463120299988077,7,$m = n$,sota
25.0,0.005357467999601795,7,$m = n$,ours
34.0,0.023858201000621193,7,$m = n$,m-flow
448.0,0.04630207100035477,8,$m = n$,sota
28.0,0.04605814600017766,8,$m = n$,ours
44.0,0.02735138400021242,8,$m = n$,m-flow
543.0,0.04441720700015139,9,$m = n$,sota
33.0,2.9041933660000723,9,$m = n$,ours
49.0,0.029269700999975612,9,$m = n$,m-flow
521.0,0.04382642400014447,10,$m = n$,sota
44.0,0.006753980000212323,10,$m = n$,ours
79.0,0.04486935799923231,10,$m = n$,m-flow
576.0,0.04748900100003084,11,$m = n$,sota
54.0,0.03917094799999177,11,$m = n$,ours
93.0,0.04513429399958113,11,$m = n$,m-flow
869.0,0.04849331399964285,12,$m = n$,sota
68.0,0.009119981000367261,12,$m = n$,ours
100.0,0.0477687929997046,12,$m = n$,m-flow
875.0,0.04920550099996035,13,$m = n$,sota
88.0,0.009992447000513494,13,$m = n$,ours
108.0,0.05161104600028921,13,$m = n$,m-flow
1064.0,0.05876464899938583,14,$m = n$,sota
76.0,0.4722495269998035,14,$m = n$,ours
112.0,0.053417723999700684,14,$m = n$,m-flow
1231.0,0.0780815669995718,15,$m = n$,sota
103.0,0.47740265500033274,15,$m = n$,ours
155.0,0.06716482899992116,15,$m = n$,m-flow
1269.0,0.07598141300059069,16,$m = n$,sota
133.0,0.011007877999873017,16,$m = n$,ours
176.0,0.07243003399980807,16,$m = n$,m-flow
1368.0,0.07481297599952086,17,$m = n$,sota
141.0,0.013154600999769173,17,$m = n$,ours
204.0,0.0940994069997032,17,$m = n$,m-flow
1318.0,0.08273484500023187,18,$m = n$,sota
151.0,0.015114967000044999,18,$m = n$,ours
218.0,0.13962041400009184,18,$m = n$,m-flow
1330.0,0.0962885479993929,19,$m = n$,sota
183.0,0.017188691000228573,19,$m = n$,ours
240.0,0.11851547900005244,19,$m = n$,m-flow
1755.0,0.11490154199964309,20,$m = n$,sota
195.0,0.019842548000269744,20,$m = n$,ours
266.0,0.1573197710004024,20,$m = n$,m-flow
21.0,0.04849392599953717,3,$m = n$,sota
3.0,0.001436888000171166,3,$m = n$,ours
5.0,0.008618894000392174,3,$m = n$,m-flow
63.0,0.04761149000023579,4,$m = n$,sota
6.0,0.37197298999944906,4,$m = n$,ours
8.0,0.010636916999828827,4,$m = n$,m-flow
118.0,0.04311403799965774,5,$m = n$,sota
8.0,2.9399181560002035,5,$m = n$,ours
12.0,0.013379678000092099,5,$m = n$,m-flow
191.0,0.04337916199983738,6,$m = n$,sota
14.0,0.9985112940003091,6,$m = n$,ours
28.0,0.021205599000495567,6,$m = n$,m-flow
62.0,0.04549933399994188,7,$m = n$,sota
15.0,0.033535533999383915,7,$m = n$,ours
32.0,0.023596132000420766,7,$m = n$,m-flow
326.0,0.0457861969998703,8,$m = n$,sota
28.0,0.006120690999523504,8,$m = n$,ours
40.0,0.030554896000467124,8,$m = n$,m-flow
416.0,0.04489330300020811,9,$m = n$,sota
34.0,0.386109850000139,9,$m = n$,ours
52.0,0.02960879200054478,9,$m = n$,m-flow
495.0,0.044369997999638144,10,$m = n$,sota
47.0,0.039793846999600646,10,$m = n$,ours
76.0,0.03792961499948433,10,$m = n$,m-flow
617.0,0.048132922999684524,11,$m = n$,sota
51.0,0.45529060299941193,11,$m = n$,ours
71.0,0.03891896799996175,11,$m = n$,m-flow
853.0,0.044279077000282996,12,$m = n$,sota
57.0,0.40504683700055466,12,$m = n$,ours
90.0,0.04635652199976903,12,$m = n$,m-flow
964.0,0.04777213999932428,13,$m = n$,sota
79.0,0.010178485999858822,13,$m = n$,ours
120.0,0.09766871900046681,13,$m = n$,m-flow
989.0,0.08022400099980587,14,$m = n$,sota
83.0,0.4605123269993783,14,$m = n$,ours
143.0,0.06227105800007848,14,$m = n$,m-flow
994.0,0.07748229000026186,15,$m = n$,sota
120.0,0.012084116000551148,15,$m = n$,ours
151.0,0.06701193200024136,15,$m = n$,m-flow
1299.0,0.08050819199979742,16,$m = n$,sota
125.0,0.0142392320003637,16,$m = n$,ours
175.0,0.07801430400013487,16,$m = n$,m-flow
1189.0,0.0817233550005767,17,$m = n$,sota
132.0,0.015055164999466797,17,$m = n$,ours
181.0,0.0834518970004865,17,$m = n$,m-flow
1396.0,0.09507303300051717,18,$m = n$,sota
159.0,0.016136489999553305,18,$m = n$,ours
204.0,0.09511341599954903,18,$m = n$,m-flow
1718.0,0.09931675299958442,19,$m = n$,sota
171.0,0.017480135000369046,19,$m = n$,ours
224.0,0.12203656299971044,19,$m = n$,m-flow
1708.0,0.1065433439998742,20,$m = n$,sota
190.0,0.01829024299968296,20,$m = n$,ours
251.0,0.15068786199935857,20,$m = n$,m-flow
2.0,0.04715530999965267,3,$m = n$,sota
2.0,0.0013154819998817402,3,$m = n$,ours
4.0,0.007911947000138753,3,$m = n$,m-flow
4.0,0.04884546999983286,4,$m = n$,sota
4.0,0.018104929999935848,4,$m = n$,ours
8.0,0.010897866000050271,4,$m = n$,m-flow
135.0,0.0430662669996309,5,$m = n$,sota
9.0,2.866556067999227,5,$m = n$,ours
13.0,0.013129433999893081,5,$m = n$,m-flow
51.0,0.04098874800001795,6,$m = n$,sota
9.0,11.906363172000056,6,$m = n$,ours
14.0,0.01586629599933076,6,$m = n$,m-flow
357.0,0.045373537999694236,7,$m = n$,sota
18.0,0.3356552080003894,7,$m = n$,ours
25.0,0.018581817999802297,7,$m = n$,m-flow
341.0,0.044299173000581504,8,$m = n$,sota
27.0,2.921221894000155,8,$m = n$,ours
39.0,0.026365306000116107,8,$m = n$,m-flow
456.0,0.04485550199933641,9,$m = n$,sota
36.0,0.4595990569996502,9,$m = n$,ours
70.0,0.03809317600007489,9,$m = n$,m-flow
585.0,0.04768906400022388,10,$m = n$,sota
45.0,0.362938877000488,10,$m = n$,ours
68.0,0.03641801300000225,10,$m = n$,m-flow
701.0,0.04605569100021967,11,$m = n$,sota
44.0,2.9520638189997044,11,$m = n$,ours
78.0,0.03900472599980276,11,$m = n$,m-flow
561.0,0.04621638000025996,12,$m = n$,sota
72.0,0.3738735850001831,12,$m = n$,ours
96.0,0.04628446699916822,12,$m = n$,m-flow
930.0,0.046200660999602405,13,$m = n$,sota
76.0,0.010197276000326383,13,$m = n$,ours
123.0,0.057196277999537415,13,$m = n$,m-flow
983.0,0.07159355000021606,14,$m = n$,sota
79.0,0.4684914370000115,14,$m = n$,ours
120.0,0.058632833999581635,14,$m = n$,m-flow
1052.0,0.07798354400074459,15,$m = n$,sota
114.0,0.012526962999800162,15,$m = n$,ours
142.0,0.06763830300042173,15,$m = n$,m-flow
1236.0,0.06915148200005206,16,$m = n$,sota
124.0,0.01390783700026077,16,$m = n$,ours
183.0,0.07765597399975377,16,$m = n$,m-flow
1242.0,0.07710783099992113,17,$m = n$,sota
149.0,0.014781523999772617,17,$m = n$,ours
205.0,0.08566021400019963,17,$m = n$,m-flow
1214.0,0.08959194399994885,18,$m = n$,sota
146.0,0.016726648999792815,18,$m = n$,ours
202.0,0.10222005299965531,18,$m = n$,m-flow
1362.0,0.09940864300006069,19,$m = n$,sota
180.0,0.018735765000201354,19,$m = n$,ours
231.0,0.12270522600010736,19,$m = n$,m-flow
1559.0,0.11467207100031374,20,$m = n$,sota
194.0,0.01876975899995159,20,$m = n$,ours
258.0,0.15463607999936357,20,$m = n$,m-flow
10.0,0.04713657299998886,3,$m = n$,sota
2.0,0.0012755790003211587,3,$m = n$,ours
3.0,0.008039124000788433,3,$m = n$,m-flow
123.0,0.04490582299968082,4,$m = n$,sota
6.0,0.39166314900012367,4,$m = n$,ours
9.0,0.010698391000005358,4,$m = n$,m-flow
148.0,0.04520869100088021,5,$m = n$,sota
10.0,0.4502450760001011,5,$m = n$,ours
14.0,0.012955590000274242,5,$m = n$,m-flow
147.0,0.0444646220003051,6,$m = n$,sota
13.0,0.03772712499994668,6,$m = n$,ours
16.0,0.01568536899958417,6,$m = n$,m-flow
251.0,0.04383895699993445,7,$m = n$,sota
26.0,0.005318282999724033,7,$m = n$,ours
31.0,0.019373555000129272,7,$m = n$,m-flow
309.0,0.04670635999991646,8,$m = n$,sota
26.0,0.4117360939999344,8,$m = n$,ours
32.0,0.021015545000409475,8,$m = n$,m-flow
479.0,0.04496923499937111,9,$m = n$,sota
43.0,0.006566289000147663,9,$m = n$,ours
58.0,0.0296402929998294,9,$m = n$,m-flow
541.0,0.04513506100011,10,$m = n$,sota
45.0,0.5124682149998989,10,$m = n$,ours
72.0,0.03603423799995653,10,$m = n$,m-flow
659.0,0.04700096200031112,11,$m = n$,sota
53.0,0.33711924699946394,11,$m = n$,ours
91.0,0.043830811000589165,11,$m = n$,m-flow
912.0,0.04562422699927993,12,$m = n$,sota
66.0,0.008614579999630223,12,$m = n$,ours
117.0,0.05122869000024366,12,$m = n$,m-flow
819.0,0.056784921000144095,13,$m = n$,sota
77.0,0.009785533000467694,13,$m = n$,ours
135.0,0.058906772999762325,13,$m = n$,m-flow
928.0,0.06623388600019098,14,$m = n$,sota
86.0,0.44099095599995053,14,$m = n$,ours
118.0,0.05269112999940262,14,$m = n$,m-flow
1031.0,0.07861914100067224,15,$m = n$,sota
115.0,0.011950844999773835,15,$m = n$,ours
135.0,0.06466359800015198,15,$m = n$,m-flow
1054.0,0.06251844899998105,16,$m = n$,sota
118.0,0.012627365999833273,16,$m = n$,ours
151.0,0.0661921370001437,16,$m = n$,m-flow
1358.0,0.07299986699945293,17,$m = n$,sota
144.0,0.014740403999894625,17,$m = n$,ours
207.0,0.0906555470000967,17,$m = n$,m-flow
1327.0,0.08293995199983328,18,$m = n$,sota
153.0,0.015229028000248945,18,$m = n$,ours
221.0,0.09832625099988945,18,$m = n$,m-flow
1452.0,0.09934682299990527,19,$m = n$,sota
164.0,0.017009677000714873,19,$m = n$,ours
259.0,0.1253556869996828,19,$m = n$,m-flow
1521.0,0.11298629499924573,20,$m = n$,sota
219.0,0.018756654999378952,20,$m = n$,ours
255.0,0.19746266000038304,20,$m = n$,m-flow
3.0,0.044352375000016764,3,$m = n$,sota
3.0,0.0017286620004597353,3,$m = n$,ours
4.0,0.008946236000156205,3,$m = n$,m-flow
20.0,0.04389584199998353,4,$m = n$,sota
6.0,0.3268094109998856,4,$m = n$,ours
10.0,0.010926384999947913,4,$m = n$,m-flow
89.0,0.044592312999157,5,$m = n$,sota
11.0,0.4514113240002189,5,$m = n$,ours
12.0,0.012814867999622948,5,$m = n$,m-flow
231.0,0.04335037800046848,6,$m = n$,sota
15.0,0.40577298999960476,6,$m = n$,ours
19.0,0.015867017999880773,6,$m = n$,m-flow
303.0,0.04538222500013944,7,$m = n$,sota
22.0,2.836354136999944,7,$m = n$,ours
38.0,0.0236906509999244,7,$m = n$,m-flow
388.0,0.045484202999432455,8,$m = n$,sota
28.0,0.006241555999622506,8,$m = n$,ours
44.0,0.029074205000142683,8,$m = n$,m-flow
466.0,0.04735519300083979,9,$m = n$,sota
37.0,0.45362550200025,9,$m = n$,ours
53.0,0.030036621000363084,9,$m = n$,m-flow
511.0,0.045687652999731654,10,$m = n$,sota
46.0,0.007129698000426288,10,$m = n$,ours
63.0,0.038307527999677404,10,$m = n$,m-flow
741.0,0.04769512599978043,11,$m = n$,sota
50.0,0.458728541999335,11,$m = n$,ours
75.0,0.03963874999953987,11,$m = n$,m-flow
656.0,0.046117825999317574,12,$m = n$,sota
70.0,0.006933552999726089,12,$m = n$,ours
102.0,0.04974187100015115,12,$m = n$,m-flow
775.0,0.04701836399999593,13,$m = n$,sota
73.0,0.4612988819999373,13,$m = n$,ours
108.0,0.05265266799960955,13,$m = n$,m-flow
886.0,0.07631713800037687,14,$m = n$,sota
72.0,2.9143221120002636,14,$m = n$,ours
87.0,0.04708892700000433,14,$m = n$,m-flow
1230.0,0.07463401200038788,15,$m = n$,sota
95.0,0.011482965000141121,15,$m = n$,ours
151.0,0.06616244899942103,15,$m = n$,m-flow
1305.0,0.06782696999925975,16,$m = n$,sota
122.0,0.01222670199967979,16,$m = n$,ours
176.0,0.07469002600009844,16,$m = n$,m-flow
1260.0,0.08326366599976609,17,$m = n$,sota
143.0,0.012463675000617513,17,$m = n$,ours
195.0,0.12621937799940497,17,$m = n$,m-flow
1277.0,0.08827245700013009,18,$m = n$,sota
159.0,0.01604565000070579,18,$m = n$,ours
232.0,0.10486731699984375,18,$m = n$,m-flow
1696.0,0.09373650899942731,19,$m = n$,sota
158.0,0.01704598500054999,19,$m = n$,ours
253.0,0.12142124500041973,19,$m = n$,m-flow
1509.0,0.10963963299946045,20,$m = n$,sota
200.0,0.01819601999977749,20,$m = n$,ours
252.0,0.1493120250006541,20,$m = n$,m-flow
,0.045888627999374876,3,$m = n$,sota
3.0,0.001279053999496682,3,$m = n$,ours
4.0,0.007913662000646582,3,$m = n$,m-flow
24.0,0.043846140999448835,4,$m = n$,sota
6.0,0.04297239200059266,4,$m = n$,ours
9.0,0.010824888000570354,4,$m = n$,m-flow
156.0,0.043753228000241506,5,$m = n$,sota
10.0,0.3553437680002389,5,$m = n$,ours
14.0,0.013213411999458913,5,$m = n$,m-flow
179.0,0.04103944899998169,6,$m = n$,sota
15.0,0.4527319839999109,6,$m = n$,ours
18.0,0.01611530100035452,6,$m = n$,m-flow
350.0,0.04376674200011621,7,$m = n$,sota
24.0,0.005294868999953906,7,$m = n$,ours
40.0,0.024711934000151814,7,$m = n$,m-flow
353.0,0.04098055000031309,8,$m = n$,sota
25.0,0.004451708000487997,8,$m = n$,ours
50.0,0.030869175000589166,8,$m = n$,m-flow
424.0,0.04690226700040512,9,$m = n$,sota
33.0,0.35332809100054874,9,$m = n$,ours
44.0,0.028409186000317277,9,$m = n$,m-flow
509.0,0.040524619999814604,10,$m = n$,sota
41.0,0.37435839299996587,10,$m = n$,ours
59.0,0.031693217000793084,10,$m = n$,m-flow
618.0,0.045106751000275835,11,$m = n$,sota
56.0,0.458355720000327,11,$m = n$,ours
90.0,0.043332172999726026,11,$m = n$,m-flow
848.0,0.04541205799978343,12,$m = n$,sota
65.0,0.4630585409995547,12,$m = n$,ours
99.0,0.04603544299970963,12,$m = n$,m-flow
975.0,0.05296073199951934,13,$m = n$,sota
74.0,0.010131997999451414,13,$m = n$,ours
112.0,0.055880042999888246,13,$m = n$,m-flow
905.0,0.06022408100034227,14,$m = n$,sota
90.0,0.011073230999500083,14,$m = n$,ours
140.0,0.06248953299927962,14,$m = n$,m-flow
1088.0,0.07166249999954744,15,$m = n$,sota
91.0,0.4660997999999381,15,$m = n$,ours
140.0,0.061743174999719486,15,$m = n$,m-flow
1218.0,0.07572580600026413,16,$m = n$,sota
126.0,0.01342356999975891,16,$m = n$,ours
169.0,0.13000363300034223,16,$m = n$,m-flow
1341.0,0.07175336000000243,17,$m = n$,sota
138.0,0.014245285000470176,17,$m = n$,ours
204.0,0.08614589799981331,17,$m = n$,m-flow
1474.0,0.0887372699999105,18,$m = n$,sota
137.0,0.015413850000186358,18,$m = n$,ours
184.0,0.09195880700008274,18,$m = n$,m-flow
1404.0,0.09674719099984941,19,$m = n$,sota
174.0,0.01734127600047941,19,$m = n$,ours
224.0,0.11590804800016485,19,$m = n$,m-flow
1554.0,0.10890372100038803,20,$m = n$,sota
198.0,0.018467094000698125,20,$m = n$,ours
272.0,0.15762088100018445,20,$m = n$,m-flow
2.0,0.047391489999426994,3,$m = n$,sota
2.0,0.0013255310004751664,3,$m = n$,ours
4.0,0.008922574000280292,3,$m = n$,m-flow
122.0,0.044270551999943564,4,$m = n$,sota
7.0,0.45487754399982805,4,$m = n$,ours
10.0,0.010536869000134175,4,$m = n$,m-flow
26.0,0.04471949000071618,5,$m = n$,sota
7.0,1.9712990730004094,5,$m = n$,ours
10.0,0.012798548000318988,5,$m = n$,m-flow
61.0,0.04916153900012432,6,$m = n$,sota
9.0,10.015782014999786,6,$m = n$,ours
26.0,0.021459452000271995,6,$m = n$,m-flow
343.0,0.04796276399974886,7,$m = n$,sota
18.0,0.049699792999490455,7,$m = n$,ours
34.0,0.02475235200017778,7,$m = n$,m-flow
452.0,0.04320517599990126,8,$m = n$,sota
27.0,0.44867052100016735,8,$m = n$,ours
34.0,0.022057516999666404,8,$m = n$,m-flow
575.0,0.04512996399989788,9,$m = n$,sota
38.0,0.3596404159998201,9,$m = n$,ours
47.0,0.030120958000225073,9,$m = n$,m-flow
584.0,0.05607389199940371,10,$m = n$,sota
46.0,0.007104201999936777,10,$m = n$,ours
67.0,0.03910432300017419,10,$m = n$,m-flow
516.0,0.04894704100024683,11,$m = n$,sota
49.0,0.4716858530000536,11,$m = n$,ours
66.0,0.034613361999618064,11,$m = n$,m-flow
839.0,0.04467649999969581,12,$m = n$,sota
58.0,0.0062407409996012575,12,$m = n$,ours
103.0,0.050510605000454234,12,$m = n$,m-flow
888.0,0.04739466600040032,13,$m = n$,sota
75.0,0.010264622999784478,13,$m = n$,ours
91.0,0.04767724100020132,13,$m = n$,m-flow
1071.0,0.055916732000696356,14,$m = n$,sota
87.0,0.010720023000430956,14,$m = n$,ours
130.0,0.058045337999828917,14,$m = n$,m-flow
1105.0,0.058734536999509146,15,$m = n$,sota
94.0,0.04839261699999042,15,$m = n$,ours
143.0,0.064189861000159,15,$m = n$,m-flow
954.0,0.0731083579994447,16,$m = n$,sota
108.0,0.013213039000220306,16,$m = n$,ours
165.0,0.07023449899952539,16,$m = n$,m-flow
1316.0,0.08223219299998163,17,$m = n$,sota
153.0,0.014833498999905714,17,$m = n$,ours
186.0,0.13129379700058053,17,$m = n$,m-flow
1541.0,0.08631218099981197,18,$m = n$,sota
175.0,0.01567243200042867,18,$m = n$,ours
228.0,0.09938772399982554,18,$m = n$,m-flow
1341.0,0.09915490000003047,19,$m = n$,sota
176.0,0.01769227899967518,19,$m = n$,ours
237.0,0.122630286000458,19,$m = n$,m-flow
1522.0,0.11081511300017155,20,$m = n$,sota
196.0,0.018452668000463746,20,$m = n$,ours
286.0,0.16065664000052493,20,$m = n$,m-flow
,0.05015181599992502,3,$m = n$,sota
2.0,0.0021044029999757186,3,$m = n$,ours
3.0,0.009126253999966139,3,$m = n$,m-flow
27.0,0.04667429999972228,4,$m = n$,sota
6.0,0.042618892999598756,4,$m = n$,ours
9.0,0.012422898999830068,4,$m = n$,m-flow
45.0,0.047591713000656455,5,$m = n$,sota
6.0,0.9738799819997439,5,$m = n$,ours
10.0,0.01327392500024871,5,$m = n$,m-flow
253.0,0.050260938000064925,6,$m = n$,sota
13.0,0.46384730199952173,6,$m = n$,ours
18.0,0.015874869999606744,6,$m = n$,m-flow
301.0,0.04640148299949942,7,$m = n$,sota
16.0,0.6381107039997005,7,$m = n$,ours
32.0,0.02304436699978396,7,$m = n$,m-flow
505.0,0.046588433999204426,8,$m = n$,sota
28.0,0.45536180599992804,8,$m = n$,ours
33.0,0.021229961999779334,8,$m = n$,m-flow
317.0,0.044649858999946446,9,$m = n$,sota
35.0,0.4532249590001811,9,$m = n$,ours
42.0,0.029171495999435137,9,$m = n$,m-flow
484.0,0.04591689199969551,10,$m = n$,sota
42.0,0.37400051199983864,10,$m = n$,ours
58.0,0.0317951790002553,10,$m = n$,m-flow
650.0,0.04445476399996551,11,$m = n$,sota
65.0,0.008050839000134147,11,$m = n$,ours
86.0,0.04432582499975979,11,$m = n$,m-flow
722.0,0.04467828999986523,12,$m = n$,sota
79.0,0.008787652000137314,12,$m = n$,ours
104.0,0.04796216300019296,12,$m = n$,m-flow
927.0,0.04796575999989727,13,$m = n$,sota
85.0,0.010166622000724601,13,$m = n$,ours
114.0,0.09924071000023105,13,$m = n$,m-flow
1002.0,0.07011353799953213,14,$m = n$,sota
101.0,0.01034030599930702,14,$m = n$,ours
133.0,0.054410450999967,14,$m = n$,m-flow
1060.0,0.06419664500026556,15,$m = n$,sota
118.0,0.48200220099988655,15,$m = n$,ours
147.0,0.06860786900051608,15,$m = n$,m-flow
1244.0,0.07281174200034002,16,$m = n$,sota
120.0,0.0127217359995484,16,$m = n$,ours
188.0,0.0769067860001087,16,$m = n$,m-flow
1285.0,0.07195040300030087,17,$m = n$,sota
143.0,0.014579507999769703,17,$m = n$,ours
203.0,0.08826869499989698,17,$m = n$,m-flow
1358.0,0.08584691299984115,18,$m = n$,sota
165.0,0.016265276000012818,18,$m = n$,ours
231.0,0.10287862200038944,18,$m = n$,m-flow
1352.0,0.10260469900003955,19,$m = n$,sota
177.0,0.01725757100030023,19,$m = n$,ours
240.0,0.11807438699997874,19,$m = n$,m-flow
1483.0,0.11082535200057464,20,$m = n$,sota
205.0,0.019664254000417714,20,$m = n$,ours
280.0,0.16768634699928953,20,$m = n$,m-flow
10.0,0.04351089499959926,3,$m = n$,sota
3.0,0.0016093809999802033,3,$m = n$,ours
4.0,0.009431290000065928,3,$m = n$,m-flow
19.0,0.044034973000634636,4,$m = n$,sota
6.0,0.04252209500009485,4,$m = n$,ours
8.0,0.010733185000390222,4,$m = n$,m-flow
137.0,0.04875807600001281,5,$m = n$,sota
9.0,0.014302503000180877,5,$m = n$,ours
13.0,0.014566640000339248,5,$m = n$,m-flow
228.0,0.045269322999956785,6,$m = n$,sota
18.0,0.005568651000430691,6,$m = n$,ours
21.0,0.018418749999909778,6,$m = n$,m-flow
160.0,0.04508596200048487,7,$m = n$,sota
21.0,0.3861532150003768,7,$m = n$,ours
31.0,0.023338274000707315,7,$m = n$,m-flow
357.0,0.04370073300015065,8,$m = n$,sota
23.0,2.145574350000061,8,$m = n$,ours
40.0,0.028298549999817624,8,$m = n$,m-flow
413.0,0.04826785400018707,9,$m = n$,sota
33.0,0.052569080000466784,9,$m = n$,ours
40.0,0.02586260099997162,9,$m = n$,m-flow
316.0,0.04640058999939356,10,$m = n$,sota
42.0,0.37093058099981135,10,$m = n$,ours
58.0,0.03169419799996831,10,$m = n$,m-flow
773.0,0.051567002999945544,11,$m = n$,sota
60.0,0.008570326999688405,11,$m = n$,ours
87.0,0.048019039999417146,11,$m = n$,m-flow
841.0,0.04875146299946209,12,$m = n$,sota
63.0,0.48792101299932256,12,$m = n$,ours
89.0,0.051320004000444897,12,$m = n$,m-flow
882.0,0.04763793399979477,13,$m = n$,sota
80.0,0.42288176799957,13,$m = n$,ours
111.0,0.05113599900050758,13,$m = n$,m-flow
805.0,0.06675326499953371,14,$m = n$,sota
81.0,0.3587720030000128,14,$m = n$,ours
120.0,0.05757245799941302,14,$m = n$,m-flow
891.0,0.06697730199994112,15,$m = n$,sota
97.0,0.47330602199963323,15,$m = n$,ours
163.0,0.06773161399996752,15,$m = n$,m-flow
1125.0,0.07374232999973174,16,$m = n$,sota
137.0,0.013627733000248554,16,$m = n$,ours
180.0,0.07790355500037549,16,$m = n$,m-flow
1136.0,0.07375492099981784,17,$m = n$,sota
125.0,0.014405243000510382,17,$m = n$,ours
186.0,0.08529929999986052,17,$m = n$,m-flow
1417.0,0.08405279599992355,18,$m = n$,sota
165.0,0.016319076000399946,18,$m = n$,ours
214.0,0.1053019700002551,18,$m = n$,m-flow
1532.0,0.10156446099972527,19,$m = n$,sota
172.0,0.017394322000654938,19,$m = n$,ours
223.0,0.11745510199943965,19,$m = n$,m-flow
1535.0,0.11332170399964525,20,$m = n$,sota
173.0,0.01912528199954977,20,$m = n$,ours
275.0,0.21378200899926014,20,$m = n$,m-flow
4.0,0.04752046999965387,3,$m = n$,sota
2.0,0.001439173000107985,3,$m = n$,ours
4.0,0.009244740999747592,3,$m = n$,m-flow
16.0,0.045772942999974475,4,$m = n$,sota
6.0,0.3771377230004873,4,$m = n$,ours
9.0,0.0109584250003536,4,$m = n$,m-flow
43.0,0.04781186400032311,5,$m = n$,sota
6.0,0.06519287399987661,5,$m = n$,ours
11.0,0.013257139999950596,5,$m = n$,m-flow
180.0,0.047199561000525136,6,$m = n$,sota
15.0,0.09376475200042478,6,$m = n$,ours
29.0,0.021181613999942783,6,$m = n$,m-flow
280.0,0.05010207200029981,7,$m = n$,sota
17.0,0.7347382260004451,7,$m = n$,ours
23.0,0.0183435750004719,7,$m = n$,m-flow
492.0,0.05034754999996949,8,$m = n$,sota
28.0,0.4754803850000826,8,$m = n$,ours
42.0,0.0266553589999603,8,$m = n$,m-flow
442.0,0.07169553099993209,9,$m = n$,sota
32.0,0.45623455199984164,9,$m = n$,ours
38.0,0.02479913699971803,9,$m = n$,m-flow
615.0,0.046737781999581784,10,$m = n$,sota
46.0,0.007130141000743606,10,$m = n$,ours
62.0,0.033032173999345105,10,$m = n$,m-flow
677.0,0.0489368899998226,11,$m = n$,sota
55.0,0.37274686800083145,11,$m = n$,ours
80.0,0.040682683999875735,11,$m = n$,m-flow
672.0,0.04655504199945426,12,$m = n$,sota
67.0,0.4791883060006512,12,$m = n$,ours
104.0,0.04779105400029948,12,$m = n$,m-flow
1038.0,0.04569062899918208,13,$m = n$,sota
82.0,0.3820510400000785,13,$m = n$,ours
129.0,0.055609298000490526,13,$m = n$,m-flow
949.0,0.0692239480003991,14,$m = n$,sota
92.0,0.46285590100069385,14,$m = n$,ours
130.0,0.059622681999826455,14,$m = n$,m-flow
1192.0,0.06429346599998098,15,$m = n$,sota
99.0,0.011476011999548064,15,$m = n$,ours
149.0,0.06759720199988806,15,$m = n$,m-flow
1116.0,0.08208832499985874,16,$m = n$,sota
107.0,0.012991136999517039,16,$m = n$,ours
156.0,0.07286436100002902,16,$m = n$,m-flow
1229.0,0.07629745099984575,17,$m = n$,sota
144.0,0.013911613000345824,17,$m = n$,ours
207.0,0.13482295500034525,17,$m = n$,m-flow
1313.0,0.0812096660001771,18,$m = n$,sota
137.0,0.016295463000460586,18,$m = n$,ours
224.0,0.10333633399932296,18,$m = n$,m-flow
1485.0,0.10265083600006619,19,$m = n$,sota
186.0,0.01844841699949029,19,$m = n$,ours
232.0,0.12088595700060978,19,$m = n$,m-flow
1569.0,0.10958483500053262,20,$m = n$,sota
176.0,0.02051834699977917,20,$m = n$,ours
257.0,0.16900681700008136,20,$m = n$,m-flow
,0.05391697300001397,3,$m = n$,sota
2.0,0.0012746250004056492,3,$m = n$,ours
3.0,0.008987133999653452,3,$m = n$,m-flow
123.0,0.04764084099952015,4,$m = n$,sota
7.0,0.4892986139993809,4,$m = n$,ours
9.0,0.011509724999996251,4,$m = n$,m-flow
140.0,0.04587282600004983,5,$m = n$,sota
9.0,0.39609855899925606,5,$m = n$,ours
12.0,0.013230124999608961,5,$m = n$,m-flow
145.0,0.04516555299960601,6,$m = n$,sota
17.0,2.962780713000029,6,$m = n$,ours
26.0,0.021028633999776503,6,$m = n$,m-flow
235.0,0.04508239400001912,7,$m = n$,sota
20.0,0.47441280700058996,7,$m = n$,ours
27.0,0.018862545999581926,7,$m = n$,m-flow
333.0,0.04638995100049215,8,$m = n$,sota
32.0,0.4502301479997186,8,$m = n$,ours
43.0,0.027329236000696255,8,$m = n$,m-flow
391.0,0.046046765000028245,9,$m = n$,sota
38.0,0.006884535000608594,9,$m = n$,ours
59.0,0.035189088999686646,9,$m = n$,m-flow
619.0,0.05061553300038213,10,$m = n$,sota
34.0,0.046556025000427326,10,$m = n$,ours
59.0,0.036614847000237205,10,$m = n$,m-flow
622.0,0.047359132000565296,11,$m = n$,sota
47.0,0.47439382599986857,11,$m = n$,ours
79.0,0.04066258399961953,11,$m = n$,m-flow
814.0,0.045817338000233576,12,$m = n$,sota
66.0,0.009215700999448018,12,$m = n$,ours
97.0,0.04929620899929432,12,$m = n$,m-flow
1018.0,0.049158922000060556,13,$m = n$,sota
83.0,0.009595047999937378,13,$m = n$,ours
127.0,0.06077035100042849,13,$m = n$,m-flow
919.0,0.07018784699994285,14,$m = n$,sota
87.0,0.011689290000504116,14,$m = n$,ours
137.0,0.06157285100016452,14,$m = n$,m-flow
942.0,0.0656133789998421,15,$m = n$,sota
104.0,0.01154453100025421,15,$m = n$,ours
151.0,0.12105191299997387,15,$m = n$,m-flow
1327.0,0.0770597299997462,16,$m = n$,sota
119.0,0.011134797000522667,16,$m = n$,ours
173.0,0.07666976399923442,16,$m = n$,m-flow
1171.0,0.08139503300026263,17,$m = n$,sota
138.0,0.014973248999922362,17,$m = n$,ours
186.0,0.08574470300027315,17,$m = n$,m-flow
1377.0,0.09411491100036073,18,$m = n$,sota
152.0,0.019210116999602178,18,$m = n$,ours
223.0,0.10832718599976943,18,$m = n$,m-flow
1549.0,0.10247700000036275,19,$m = n$,sota
169.0,0.017736058000082267,19,$m = n$,ours
249.0,0.1271675009993487,19,$m = n$,m-flow
1779.0,0.10981270100000984,20,$m = n$,sota
182.0,0.020384364999699756,20,$m = n$,ours
262.0,0.17076417000043875,20,$m = n$,m-flow
4.0,0.05275176000031934,3,$m = n$,sota
3.0,0.0019523889995980426,3,$m = n$,ours
4.0,0.00928542000019661,3,$m = n$,m-flow
30.0,0.04898404399955325,4,$m = n$,sota
5.0,0.04527812300057121,4,$m = n$,ours
8.0,0.01249176399960561,4,$m = n$,m-flow
145.0,0.050048310000420315,5,$m = n$,sota
10.0,0.4801181299999371,5,$m = n$,ours
14.0,0.014107387999501952,5,$m = n$,m-flow
273.0,0.048601204000078724,6,$m = n$,sota
15.0,0.39304186800018215,6,$m = n$,ours
19.0,0.016529800999705913,6,$m = n$,m-flow
250.0,0.047770754000339366,7,$m = n$,sota
21.0,0.3847075739995489,7,$m = n$,ours
31.0,0.019634140000562184,7,$m = n$,m-flow
462.0,0.04933847899974353,8,$m = n$,sota
27.0,0.041855446999761625,8,$m = n$,ours
35.0,0.02411860800020804,8,$m = n$,m-flow
567.0,0.049563528999897244,9,$m = n$,sota
38.0,0.049766909000027226,9,$m = n$,ours
58.0,0.03630676500051777,9,$m = n$,m-flow
479.0,0.049867435000123805,10,$m = n$,sota
38.0,3.010507813000004,10,$m = n$,ours
69.0,0.03970970299997134,10,$m = n$,m-flow
756.0,0.04944759400041221,11,$m = n$,sota
54.0,0.00922830099989369,11,$m = n$,ours
77.0,0.09857527499934804,11,$m = n$,m-flow
787.0,0.04864664399974572,12,$m = n$,sota
64.0,0.009449964999475924,12,$m = n$,ours
102.0,0.0486835620004058,12,$m = n$,m-flow
687.0,0.05249495699990803,13,$m = n$,sota
76.0,0.4822748489996229,13,$m = n$,ours
117.0,0.056464625999979035,13,$m = n$,m-flow
1046.0,0.08953535500040743,14,$m = n$,sota
98.0,0.011521225000251434,14,$m = n$,ours
138.0,0.06452029400043102,14,$m = n$,m-flow
1104.0,0.07482840000011493,15,$m = n$,sota
108.0,0.016548378000152297,15,$m = n$,ours
140.0,0.07236148900028638,15,$m = n$,m-flow
1256.0,0.09725567100031185,16,$m = n$,sota
120.0,0.01348302199949103,16,$m = n$,ours
178.0,0.07670883199989476,16,$m = n$,m-flow
1211.0,0.07877205800014053,17,$m = n$,sota
127.0,0.013991469999382389,17,$m = n$,ours
191.0,0.0903550320008435,17,$m = n$,m-flow
1443.0,0.09166991100028099,18,$m = n$,sota
150.0,0.017719258999932208,18,$m = n$,ours
222.0,0.10915332500007935,18,$m = n$,m-flow
1544.0,0.09917707899967354,19,$m = n$,sota
178.0,0.019653145000120276,19,$m = n$,ours
227.0,0.137445884999579,19,$m = n$,m-flow
1531.0,0.11604632600028708,20,$m = n$,sota
187.0,0.020557890999953088,20,$m = n$,ours
292.0,0.17308140100067249,20,$m = n$,m-flow
,0.06040764499994111,3,$m = n$,sota
2.0,0.002107147999595327,3,$m = n$,ours
3.0,0.009534194000480056,3,$m = n$,m-flow
17.0,0.05304251399957138,4,$m = n$,sota
7.0,0.4929832860007082,4,$m = n$,ours
9.0,0.013020841999605182,4,$m = n$,m-flow
19.0,0.052570495000509254,5,$m = n$,sota
5.0,0.06224998599918763,5,$m = n$,ours
20.0,0.02070774099956907,5,$m = n$,m-flow
174.0,0.05311880699991889,6,$m = n$,sota
12.0,0.7161378130003868,6,$m = n$,ours
29.0,0.021266682999339537,6,$m = n$,m-flow
215.0,0.049330003000250144,7,$m = n$,sota
19.0,0.4026076730006025,7,$m = n$,ours
24.0,0.019118699000500783,7,$m = n$,m-flow
358.0,0.05004016699967906,8,$m = n$,sota
25.0,0.08018874799927289,8,$m = n$,ours
38.0,0.026257688000441703,8,$m = n$,m-flow
435.0,0.05033267300041189,9,$m = n$,sota
31.0,0.021642582999447768,9,$m = n$,ours
52.0,0.03411498300010862,9,$m = n$,m-flow
668.0,0.04899656099951244,10,$m = n$,sota
45.0,0.3786102989997744,10,$m = n$,ours
71.0,0.08213791900016076,10,$m = n$,m-flow
785.0,0.0446348149998812,11,$m = n$,sota
63.0,0.007841276000362996,11,$m = n$,ours
83.0,0.04259325600014563,11,$m = n$,m-flow
881.0,0.04731369799992535,12,$m = n$,sota
69.0,0.009278544000153488,12,$m = n$,ours
100.0,0.047982613000385754,12,$m = n$,m-flow
783.0,0.04982429600022442,13,$m = n$,sota
81.0,0.009474632000092242,13,$m = n$,ours
110.0,0.05491726800028118,13,$m = n$,m-flow
986.0,0.06878053499985981,14,$m = n$,sota
93.0,0.011264337000284286,14,$m = n$,ours
145.0,0.06153585799984285,14,$m = n$,m-flow
991.0,0.08696252800018556,15,$m = n$,sota
109.0,0.3898632250002265,15,$m = n$,ours
158.0,0.07751578299939865,15,$m = n$,m-flow
1020.0,0.07256661199971859,16,$m = n$,sota
121.0,0.01458444700074324,16,$m = n$,ours
178.0,0.08734070199989219,16,$m = n$,m-flow
1288.0,0.08438941099939257,17,$m = n$,sota
134.0,0.5069618030001948,17,$m = n$,ours
212.0,0.09144574099991587,17,$m = n$,m-flow
1417.0,0.09045250999952259,18,$m = n$,sota
148.0,0.01619227400078671,18,$m = n$,ours
213.0,0.09873609500027669,18,$m = n$,m-flow
1616.0,0.10278851099974418,19,$m = n$,sota
163.0,0.016991815000437782,19,$m = n$,ours
214.0,0.11884881999958452,19,$m = n$,m-flow
1582.0,0.11262962300043,20,$m = n$,sota
166.0,0.018735183999524452,20,$m = n$,ours
268.0,0.21312005300023884,20,$m = n$,m-flow
4.0,0.04902092900010757,3,$m = n$,sota
2.0,0.0015720299998065457,3,$m = n$,ours
4.0,0.008997801000077743,3,$m = n$,m-flow
11.0,0.05077477600025304,4,$m = n$,sota
5.0,0.03670017100012046,4,$m = n$,ours
12.0,0.013374508999731916,4,$m = n$,m-flow
126.0,0.05024144099934347,5,$m = n$,sota
9.0,0.022003002000019478,5,$m = n$,ours
16.0,0.01455108400023164,5,$m = n$,m-flow
120.0,0.050164197999947646,6,$m = n$,sota
14.0,0.4991248380001707,6,$m = n$,ours
19.0,0.01746136600013415,6,$m = n$,m-flow
244.0,0.04578192900044087,7,$m = n$,sota
19.0,0.4217100119994939,7,$m = n$,ours
24.0,0.02042594500017003,7,$m = n$,m-flow
465.0,0.05000710100011929,8,$m = n$,sota
30.0,0.3898322909999479,8,$m = n$,ours
42.0,0.028396841999892786,8,$m = n$,m-flow
430.0,0.0471726010000566,9,$m = n$,sota
29.0,2.978182014000595,9,$m = n$,ours
50.0,0.03160109500004182,9,$m = n$,m-flow
615.0,0.04485796599965397,10,$m = n$,sota
46.0,0.0083429200003593,10,$m = n$,ours
81.0,0.04509545099972456,10,$m = n$,m-flow
692.0,0.04909773100007442,11,$m = n$,sota
51.0,0.007623591000083252,11,$m = n$,ours
85.0,0.04459828199924232,11,$m = n$,m-flow
775.0,0.04508870800054865,12,$m = n$,sota
63.0,0.4712980639997113,12,$m = n$,ours
92.0,0.04868493099911575,12,$m = n$,m-flow
757.0,0.050803031000214105,13,$m = n$,sota
70.0,0.3983003280000048,13,$m = n$,ours
103.0,0.05083150199970987,13,$m = n$,m-flow
856.0,0.06145573399953719,14,$m = n$,sota
83.0,0.011655178000182786,14,$m = n$,ours
135.0,0.064624680999259,14,$m = n$,m-flow
1147.0,0.08012550599960377,15,$m = n$,sota
108.0,0.012199873000099615,15,$m = n$,ours
167.0,0.07367243799944845,15,$m = n$,m-flow
1335.0,0.08499616700009938,16,$m = n$,sota
112.0,0.013188703999730933,16,$m = n$,ours
166.0,0.07636768100019253,16,$m = n$,m-flow
1326.0,0.07417916399936075,17,$m = n$,sota
139.0,0.014627236000706034,17,$m = n$,ours
207.0,0.08619914700011577,17,$m = n$,m-flow
1610.0,0.10402515700025106,18,$m = n$,sota
151.0,0.016202101000089897,18,$m = n$,ours
217.0,0.15968197300026077,18,$m = n$,m-flow
1475.0,0.10095708799963177,19,$m = n$,sota
177.0,0.016880322000361048,19,$m = n$,ours
243.0,0.12326874799964571,19,$m = n$,m-flow
1562.0,0.11618661600004998,20,$m = n$,sota
189.0,0.018504083000152605,20,$m = n$,ours
279.0,0.16253920899998775,20,$m = n$,m-flow
9.0,0.04840417000013986,3,$m = n$,sota
3.0,0.002186134999647038,3,$m = n$,ours
4.0,0.009267214000828972,3,$m = n$,m-flow
19.0,0.04993020400070236,4,$m = n$,sota
4.0,0.02415350500086788,4,$m = n$,ours
6.0,0.01272217499990802,4,$m = n$,m-flow
45.0,0.04579669000031572,5,$m = n$,sota
9.0,2.9148074149998138,5,$m = n$,ours
14.0,0.014391075000276032,5,$m = n$,m-flow
149.0,0.04475817299953633,6,$m = n$,sota
17.0,0.004305575999751454,6,$m = n$,ours
20.0,0.0174530929998582,6,$m = n$,m-flow
113.0,0.04983187000016187,7,$m = n$,sota
24.0,0.46734961200036196,7,$m = n$,ours
36.0,0.023785678999956872,7,$m = n$,m-flow
470.0,0.04234910199920705,8,$m = n$,sota
25.0,0.038412584999605315,8,$m = n$,ours
32.0,0.022689985999932105,8,$m = n$,m-flow
544.0,0.04336237200004689,9,$m = n$,sota
29.0,0.040277281000271614,9,$m = n$,ours
36.0,0.02415169199957745,9,$m = n$,m-flow
561.0,0.04637501599972893,10,$m = n$,sota
41.0,0.47342351299994334,10,$m = n$,ours
62.0,0.03614228199967329,10,$m = n$,m-flow
699.0,0.04711694199977501,11,$m = n$,sota
57.0,0.3757905390002634,11,$m = n$,ours
83.0,0.04422192500078381,11,$m = n$,m-flow
712.0,0.042407883999658225,12,$m = n$,sota
65.0,0.009510977999525494,12,$m = n$,ours
89.0,0.044581395000022894,12,$m = n$,m-flow
922.0,0.04814931399960187,13,$m = n$,sota
77.0,0.010072985999613593,13,$m = n$,ours
115.0,0.05330636899998353,13,$m = n$,m-flow
834.0,0.06288224899981287,14,$m = n$,sota
91.0,0.009388501000103133,14,$m = n$,ours
121.0,0.05951269300021522,14,$m = n$,m-flow
1000.0,0.07779992599989782,15,$m = n$,sota
93.0,0.01285122399985994,15,$m = n$,ours
159.0,0.06970070799980022,15,$m = n$,m-flow
1120.0,0.07946918800007552,16,$m = n$,sota
106.0,0.013143221000063932,16,$m = n$,ours
167.0,0.12811880400022346,16,$m = n$,m-flow
1361.0,0.0739740270000766,17,$m = n$,sota
142.0,0.01610670299942285,17,$m = n$,ours
229.0,0.10160619399994175,17,$m = n$,m-flow
1376.0,0.09264269399955083,18,$m = n$,sota
163.0,0.016007255999284098,18,$m = n$,ours
230.0,0.10547094699995796,18,$m = n$,m-flow
1391.0,0.10465110400036792,19,$m = n$,sota
161.0,0.05630905399993935,19,$m = n$,ours
251.0,0.1253525020001689,19,$m = n$,m-flow
1492.0,0.11155847800000629,20,$m = n$,sota
178.0,0.0194754929998453,20,$m = n$,ours
266.0,0.16632779199971992,20,$m = n$,m-flow
5.0,0.05010850400049094,3,$m = n$,sota
3.0,0.0014770930001759552,3,$m = n$,ours
6.0,0.00944594600059645,3,$m = n$,m-flow
18.0,0.04827453600046283,4,$m = n$,sota
5.0,0.0356081069994616,4,$m = n$,ours
7.0,0.01139457899989793,4,$m = n$,m-flow
62.0,0.05635640800028341,5,$m = n$,sota
11.0,0.38573770899984083,5,$m = n$,ours
14.0,0.013675175000571471,5,$m = n$,m-flow
160.0,0.04738858600012463,6,$m = n$,sota
20.0,0.00499205600044661,6,$m = n$,ours
28.0,0.02338295699973969,6,$m = n$,m-flow
327.0,0.051197088000662916,7,$m = n$,sota
18.0,2.9235916839998026,7,$m = n$,ours
25.0,0.02035627600071166,7,$m = n$,m-flow
302.0,0.04432241999984399,8,$m = n$,sota
32.0,0.45096845399984886,8,$m = n$,ours
47.0,0.026943226999719627,8,$m = n$,m-flow
523.0,0.0509948090002581,9,$m = n$,sota
43.0,0.007097278999935952,9,$m = n$,ours
56.0,0.034940791999360954,9,$m = n$,m-flow
461.0,0.05001531400012027,10,$m = n$,sota
44.0,0.007827479000297899,10,$m = n$,ours
70.0,0.03776955600005749,10,$m = n$,m-flow
746.0,0.047289513000578154,11,$m = n$,sota
58.0,0.00815057500039984,11,$m = n$,ours
89.0,0.04536116600047535,11,$m = n$,m-flow
687.0,0.048524816000281135,12,$m = n$,sota
70.0,0.008540168999388698,12,$m = n$,ours
93.0,0.10605518800002756,12,$m = n$,m-flow
832.0,0.049943116999202175,13,$m = n$,sota
90.0,0.010369208000156505,13,$m = n$,ours
111.0,0.05315543600045203,13,$m = n$,m-flow
1088.0,0.06725921999986895,14,$m = n$,sota
95.0,0.465401999000278,14,$m = n$,ours
142.0,0.060078122000049916,14,$m = n$,m-flow
1074.0,0.0700251849993947,15,$m = n$,sota
118.0,0.013637000999551674,15,$m = n$,ours
172.0,0.07669884400002047,15,$m = n$,m-flow
1210.0,0.07700578299954941,16,$m = n$,sota
114.0,0.014721032000124978,16,$m = n$,ours
168.0,0.08697201199993287,16,$m = n$,m-flow
1352.0,0.07800472999952035,17,$m = n$,sota
144.0,0.014905985000041255,17,$m = n$,ours
202.0,0.09621646300001885,17,$m = n$,m-flow
1263.0,0.09366053899975668,18,$m = n$,sota
159.0,0.01594099400062987,18,$m = n$,ours
208.0,0.09977195999999822,18,$m = n$,m-flow
1561.0,0.10172377800063259,19,$m = n$,sota
190.0,0.017512886000076833,19,$m = n$,ours
233.0,0.11473797300004662,19,$m = n$,m-flow
1609.0,0.12257847399996535,20,$m = n$,sota
190.0,0.42166832800012344,20,$m = n$,ours
253.0,0.1805438769997636,20,$m = n$,m-flow
4.0,0.04667170799984888,3,$m = n$,sota
2.0,0.0014189350004016887,3,$m = n$,ours
4.0,0.00898520800001279,3,$m = n$,m-flow
17.0,0.0503302060005808,4,$m = n$,sota
6.0,0.38485116100036976,4,$m = n$,ours
10.0,0.010997401000167883,4,$m = n$,m-flow
67.0,0.04351985999983299,5,$m = n$,sota
8.0,3.1600950749998447,5,$m = n$,ours
11.0,0.01456531200074096,5,$m = n$,m-flow
193.0,0.05036686200037366,6,$m = n$,sota
12.0,2.3992889730006937,6,$m = n$,ours
15.0,0.018763246000162326,6,$m = n$,m-flow
370.0,0.04207497900006274,7,$m = n$,sota
22.0,0.40452648399968894,7,$m = n$,ours
37.0,0.025199482999596512,7,$m = n$,m-flow
447.0,0.042863677000241296,8,$m = n$,sota
30.0,0.005210080999859201,8,$m = n$,ours
42.0,0.026862942999287043,8,$m = n$,m-flow
424.0,0.04279858500012779,9,$m = n$,sota
32.0,0.043313144000421744,9,$m = n$,ours
43.0,0.02593353100019158,9,$m = n$,m-flow
594.0,0.0486393359997237,10,$m = n$,sota
41.0,0.3968494129994724,10,$m = n$,ours
57.0,0.03806100699966919,10,$m = n$,m-flow
552.0,0.050120504000005894,11,$m = n$,sota
55.0,0.0415667110000868,11,$m = n$,ours
77.0,0.040467621999596304,11,$m = n$,m-flow
455.0,0.04954911900040315,12,$m = n$,sota
61.0,0.38579746400046133,12,$m = n$,ours
93.0,0.05106897299992852,12,$m = n$,m-flow
897.0,0.050176376000308665,13,$m = n$,sota
70.0,0.4106716320002306,13,$m = n$,ours
111.0,0.057338469999194785,13,$m = n$,m-flow
1085.0,0.10264026400000148,14,$m = n$,sota
98.0,0.01072167599977547,14,$m = n$,ours
137.0,0.06085093700039579,14,$m = n$,m-flow
1230.0,0.06423403500048153,15,$m = n$,sota
115.0,0.01269260699973529,15,$m = n$,ours
164.0,0.08638392200009548,15,$m = n$,m-flow
1115.0,0.06715361399983522,16,$m = n$,sota
113.0,0.013816904999657709,16,$m = n$,ours
158.0,0.0747027759998673,16,$m = n$,m-flow
1299.0,0.07872162199964805,17,$m = n$,sota
143.0,0.014945906999855652,17,$m = n$,ours
200.0,0.08880592599962256,17,$m = n$,m-flow
1513.0,0.09545265599990671,18,$m = n$,sota
159.0,0.015904967000096804,18,$m = n$,ours
217.0,0.10411930299960659,18,$m = n$,m-flow
1484.0,0.10088611700030015,19,$m = n$,sota
174.0,0.017983210000238614,19,$m = n$,ours
233.0,0.17980655700011994,19,$m = n$,m-flow
1708.0,0.12105090299974108,20,$m = n$,sota
187.0,0.018448329999955604,20,$m = n$,ours
275.0,0.17787989699991158,20,$m = n$,m-flow
5.0,0.05857345999993413,3,$m = n$,sota
2.0,0.0018373140001131105,3,$m = n$,ours
3.0,0.008576399000048696,3,$m = n$,m-flow
117.0,0.047266237000258116,4,$m = n$,sota
5.0,0.03419341599965264,4,$m = n$,ours
7.0,0.011904312000297068,4,$m = n$,m-flow
147.0,0.04936917600025481,5,$m = n$,sota
8.0,1.96522511799958,5,$m = n$,ours
12.0,0.01348915600010514,5,$m = n$,m-flow
162.0,0.04948402199988777,6,$m = n$,sota
14.0,0.496742670000458,6,$m = n$,ours
20.0,0.018506966000131797,6,$m = n$,m-flow
337.0,0.05371190099958767,7,$m = n$,sota
22.0,0.006022325000230921,7,$m = n$,ours
33.0,0.025862658999358246,7,$m = n$,m-flow
469.0,0.05420808599956217,8,$m = n$,sota
29.0,0.4820818859998326,8,$m = n$,ours
37.0,0.021669963000022108,8,$m = n$,m-flow
548.0,0.048227960000076564,9,$m = n$,sota
41.0,0.0067639680000866065,9,$m = n$,ours
55.0,0.03510391300005722,9,$m = n$,m-flow
604.0,0.054907368999920436,10,$m = n$,sota
46.0,0.042760870000165596,10,$m = n$,ours
77.0,0.038433308999628935,10,$m = n$,m-flow
729.0,0.04986018100044021,11,$m = n$,sota
50.0,0.008185559000594367,11,$m = n$,ours
77.0,0.04036791599992284,11,$m = n$,m-flow
666.0,0.05183968899928004,12,$m = n$,sota
68.0,0.009208697000758548,12,$m = n$,ours
98.0,0.04765318800036766,12,$m = n$,m-flow
925.0,0.05561717099953967,13,$m = n$,sota
76.0,0.01072864900015702,13,$m = n$,ours
103.0,0.05201042599946959,13,$m = n$,m-flow
853.0,0.06847460799963301,14,$m = n$,sota
88.0,0.4070667489995685,14,$m = n$,ours
121.0,0.05664103899925976,14,$m = n$,m-flow
1044.0,0.0816650260003371,15,$m = n$,sota
104.0,0.012384515999656287,15,$m = n$,ours
149.0,0.07056463299977622,15,$m = n$,m-flow
1213.0,0.07527724700048566,16,$m = n$,sota
124.0,0.013965695000479172,16,$m = n$,ours
177.0,0.07529603500006488,16,$m = n$,m-flow
1170.0,0.07388200600053096,17,$m = n$,sota
143.0,0.016376734000004944,17,$m = n$,ours
201.0,0.0976739190000444,17,$m = n$,m-flow
1359.0,0.09813084999950661,18,$m = n$,sota
166.0,0.016328153999893402,18,$m = n$,ours
198.0,0.15502763699987554,18,$m = n$,m-flow
1546.0,0.10098869700050273,19,$m = n$,sota
169.0,0.017423538999537413,19,$m = n$,ours
233.0,0.12494792899997265,19,$m = n$,m-flow
1636.0,0.11318055099945923,20,$m = n$,sota
207.0,0.019011028000022634,20,$m = n$,ours
268.0,0.1611542679993363,20,$m = n$,m-flow
,0.055908575000103156,3,$m = n$,sota
3.0,0.0013376340002650977,3,$m = n$,ours
5.0,0.009351591000267945,3,$m = n$,m-flow
37.0,0.04538337699978001,4,$m = n$,sota
7.0,0.4654217269999208,4,$m = n$,ours
10.0,0.01100127599966072,4,$m = n$,m-flow
17.0,0.0490822499996284,5,$m = n$,sota
6.0,2.668260112000098,5,$m = n$,ours
12.0,0.013243847000012465,5,$m = n$,m-flow
128.0,0.045277107000401884,6,$m = n$,sota
17.0,0.37965164500019455,6,$m = n$,ours
22.0,0.01657647999945766,6,$m = n$,m-flow
289.0,0.04938872200000333,7,$m = n$,sota
15.0,2.8622885980003048,7,$m = n$,ours
20.0,0.02053580800020427,7,$m = n$,m-flow
467.0,0.06368984399978217,8,$m = n$,sota
22.0,0.04169080599967856,8,$m = n$,ours
28.0,0.02701394399991841,8,$m = n$,m-flow
440.0,0.0510569520001809,9,$m = n$,sota
29.0,2.9277642480001305,9,$m = n$,ours
38.0,0.02391215299940086,9,$m = n$,m-flow
464.0,0.04610289899937925,10,$m = n$,sota
43.0,0.3718608649996895,10,$m = n$,ours
63.0,0.0737285029999839,10,$m = n$,m-flow
559.0,0.04400014800012286,11,$m = n$,sota
47.0,0.048836494000170205,11,$m = n$,ours
63.0,0.03649178199975722,11,$m = n$,m-flow
842.0,0.048624104000737134,12,$m = n$,sota
74.0,0.008850217999679444,12,$m = n$,ours
113.0,0.054302561999975296,12,$m = n$,m-flow
982.0,0.05169116400065832,13,$m = n$,sota
79.0,0.00928287500028091,13,$m = n$,ours
119.0,0.05834151999988535,13,$m = n$,m-flow
968.0,0.06554033100019296,14,$m = n$,sota
105.0,0.01120523699955811,14,$m = n$,ours
136.0,0.0631282430003921,14,$m = n$,m-flow
1075.0,0.05917020900051284,15,$m = n$,sota
108.0,0.012492458000451734,15,$m = n$,ours
154.0,0.07030493099955493,15,$m = n$,m-flow
1086.0,0.0708247089996803,16,$m = n$,sota
111.0,0.013245598999674257,16,$m = n$,ours
171.0,0.07317949200023577,16,$m = n$,m-flow
1276.0,0.07397010299973772,17,$m = n$,sota
153.0,0.014097890999437368,17,$m = n$,ours
196.0,0.08261992000007012,17,$m = n$,m-flow
1365.0,0.08620855800018035,18,$m = n$,sota
158.0,0.015512805999605916,18,$m = n$,ours
233.0,0.10560692799936078,18,$m = n$,m-flow
1565.0,0.10148692799975834,19,$m = n$,sota
181.0,0.01758284600055049,19,$m = n$,ours
232.0,0.12045349999971222,19,$m = n$,m-flow
1706.0,0.11559623799985275,20,$m = n$,sota
200.0,0.018562080999799946,20,$m = n$,ours
258.0,0.15281852099997195,20,$m = n$,m-flow
,0.048026212999502604,3,$m = n$,sota
3.0,0.0012781220002580085,3,$m = n$,ours
4.0,0.008223680000810418,3,$m = n$,m-flow
19.0,0.046784566999122035,4,$m = n$,sota
6.0,0.04208683199976804,4,$m = n$,ours
8.0,0.012123909999900206,4,$m = n$,m-flow
45.0,0.048204024999904505,5,$m = n$,sota
11.0,0.3605610530003105,5,$m = n$,ours
15.0,0.013332671000171104,5,$m = n$,m-flow
168.0,0.044710734000545926,6,$m = n$,sota
14.0,0.3557771050000156,6,$m = n$,ours
20.0,0.058674292000432615,6,$m = n$,m-flow
294.0,0.045755578000353125,7,$m = n$,sota
21.0,0.45534892000068794,7,$m = n$,ours
31.0,0.023366157000054955,7,$m = n$,m-flow
393.0,0.04692528100076743,8,$m = n$,sota
25.0,0.45743519099960395,8,$m = n$,ours
37.0,0.026361748999988777,8,$m = n$,m-flow
465.0,0.047620667000046524,9,$m = n$,sota
36.0,0.37272324199966533,9,$m = n$,ours
50.0,0.029563526999481837,9,$m = n$,m-flow
657.0,0.047523385000204144,10,$m = n$,sota
50.0,0.36536741300005815,10,$m = n$,ours
67.0,0.036606072999347816,10,$m = n$,m-flow
749.0,0.0460378359994138,11,$m = n$,sota
53.0,0.4035210329993788,11,$m = n$,ours
74.0,0.03614985500007606,11,$m = n$,m-flow
882.0,0.047367314000439364,12,$m = n$,sota
68.0,0.0099359790001472,12,$m = n$,ours
82.0,0.04471311599991168,12,$m = n$,m-flow
935.0,0.04967473499982589,13,$m = n$,sota
78.0,0.007981245999872044,13,$m = n$,ours
120.0,0.0565596110000115,13,$m = n$,m-flow
1069.0,0.07727280800008884,14,$m = n$,sota
97.0,0.010652144999767188,14,$m = n$,ours
136.0,0.06505165100043087,14,$m = n$,m-flow
1074.0,0.08031266600028175,15,$m = n$,sota
110.0,0.012802715000361786,15,$m = n$,ours
152.0,0.06459953999910795,15,$m = n$,m-flow
1317.0,0.07465652599967143,16,$m = n$,sota
112.0,0.013217456999882415,16,$m = n$,ours
183.0,0.08223652699962258,16,$m = n$,m-flow
1334.0,0.07464983299996675,17,$m = n$,sota
129.0,0.014976377000493812,17,$m = n$,ours
190.0,0.08798332800051867,17,$m = n$,m-flow
1477.0,0.09251432400014892,18,$m = n$,sota
154.0,0.01613166100014496,18,$m = n$,ours
193.0,0.08957044599992514,18,$m = n$,m-flow
1577.0,0.09370386299997335,19,$m = n$,sota
157.0,0.01717175599969778,19,$m = n$,ours
254.0,0.1270682840004156,19,$m = n$,m-flow
1778.0,0.10671301599995786,20,$m = n$,sota
192.0,0.019601567999416147,20,$m = n$,ours
261.0,0.20082790000014938,20,$m = n$,m-flow
10.0,0.05588159299986728,3,$m = n$,sota
3.0,0.0016482430000905879,3,$m = n$,ours
5.0,0.008507759000167425,3,$m = n$,m-flow
34.0,0.04627556700052082,4,$m = n$,sota
6.0,0.04233982500045386,4,$m = n$,ours
8.0,0.01280634300019301,4,$m = n$,m-flow
44.0,0.04487906600024871,5,$m = n$,sota
7.0,2.6445215840003584,5,$m = n$,ours
10.0,0.013219442999798048,5,$m = n$,m-flow
181.0,0.04764849899947876,6,$m = n$,sota
14.0,0.04538539099939953,6,$m = n$,ours
20.0,0.017609174999961397,6,$m = n$,m-flow
202.0,0.04534651700032555,7,$m = n$,sota
26.0,0.4622054789997492,7,$m = n$,ours
33.0,0.02366039400021691,7,$m = n$,m-flow
446.0,0.03841386300064187,8,$m = n$,sota
31.0,0.005197447000682587,8,$m = n$,ours
43.0,0.027376820999961637,8,$m = n$,m-flow
538.0,0.045718712999587297,9,$m = n$,sota
41.0,0.006902577999426285,9,$m = n$,ours
57.0,0.03090504899955704,9,$m = n$,m-flow
578.0,0.040172471000005316,10,$m = n$,sota
48.0,0.45007480200001737,10,$m = n$,ours
68.0,0.03657414900044387,10,$m = n$,m-flow
841.0,0.04007471800014173,11,$m = n$,sota
55.0,0.45734271699984674,11,$m = n$,ours
83.0,0.04033208100008778,11,$m = n$,m-flow
805.0,0.039329573000031814,12,$m = n$,sota
50.0,2.800713892999738,12,$m = n$,ours
88.0,0.04747743899952184,12,$m = n$,m-flow
745.0,0.04522301700035314,13,$m = n$,sota
76.0,0.008532292999916535,13,$m = n$,ours
106.0,0.05041678899942781,13,$m = n$,m-flow
850.0,0.054662423999616294,14,$m = n$,sota
97.0,0.010509542999898258,14,$m = n$,ours
137.0,0.06362933000036719,14,$m = n$,m-flow
1184.0,0.06783649799945124,15,$m = n$,sota
104.0,0.021410289999948873,15,$m = n$,ours
160.0,0.07119748599961895,15,$m = n$,m-flow
1147.0,0.07909745199958707,16,$m = n$,sota
114.0,0.013435152000056405,16,$m = n$,ours
167.0,0.13247291600055178,16,$m = n$,m-flow
1246.0,0.08149124200008373,17,$m = n$,sota
124.0,0.014014364000104251,17,$m = n$,ours
176.0,0.08138198200049374,17,$m = n$,m-flow
1625.0,0.08726850400034891,18,$m = n$,sota
146.0,0.01564337699983298,18,$m = n$,ours
215.0,0.09931526199943619,18,$m = n$,m-flow
1183.0,0.09562594299950433,19,$m = n$,sota
171.0,0.017685146000076202,19,$m = n$,ours
234.0,0.11772681999991619,19,$m = n$,m-flow
1569.0,0.10676238399992144,20,$m = n$,sota
189.0,0.01921146899985615,20,$m = n$,ours
277.0,0.1553541180001048,20,$m = n$,m-flow
,0.04450603199984471,3,$m = n$,sota
3.0,0.0015029619999040733,3,$m = n$,ours
4.0,0.009116205000282207,3,$m = n$,m-flow
12.0,0.041419448999477027,4,$m = n$,sota
4.0,0.014278556000135723,4,$m = n$,ours
7.0,0.010983563000081631,4,$m = n$,m-flow
91.0,0.04391627099994366,5,$m = n$,sota
11.0,0.03959532999942894,5,$m = n$,ours
17.0,0.01644455400037259,5,$m = n$,m-flow
208.0,0.04110539199973573,6,$m = n$,sota
16.0,0.4566515200003778,6,$m = n$,ours
22.0,0.01609243700022489,6,$m = n$,m-flow
191.0,0.042774391999955697,7,$m = n$,sota
20.0,0.04653082499953598,7,$m = n$,ours
25.0,0.020120195999879797,7,$m = n$,m-flow
313.0,0.041298720000668254,8,$m = n$,sota
28.0,0.45493949000046996,8,$m = n$,ours
41.0,0.0287344939997638,8,$m = n$,m-flow
566.0,0.04833413699998346,9,$m = n$,sota
47.0,0.00667791700016096,9,$m = n$,ours
70.0,0.03604370999983075,9,$m = n$,m-flow
573.0,0.04159729999992123,10,$m = n$,sota
57.0,0.0069792790000065,10,$m = n$,ours
62.0,0.03312366399950406,10,$m = n$,m-flow
644.0,0.038976501999968605,11,$m = n$,sota
51.0,2.792207372000121,11,$m = n$,ours
73.0,0.03977098500035936,11,$m = n$,m-flow
719.0,0.047148469000603654,12,$m = n$,sota
63.0,0.4626057920004314,12,$m = n$,ours
87.0,0.042374628000288794,12,$m = n$,m-flow
803.0,0.043889810999644396,13,$m = n$,sota
75.0,0.009905685000376252,13,$m = n$,ours
126.0,0.05870896500073286,13,$m = n$,m-flow
998.0,0.05627433999961795,14,$m = n$,sota
92.0,0.01011474300048576,14,$m = n$,ours
125.0,0.06066059500062693,14,$m = n$,m-flow
1159.0,0.06563385400022526,15,$m = n$,sota
107.0,0.01255220500024734,15,$m = n$,ours
151.0,0.12672210799973982,15,$m = n$,m-flow
1038.0,0.07294462200025009,16,$m = n$,sota
119.0,0.013349662999644352,16,$m = n$,ours
179.0,0.09049539799980266,16,$m = n$,m-flow
1290.0,0.07945331399969291,17,$m = n$,sota
129.0,0.014991273999839905,17,$m = n$,ours
201.0,0.08701880799981154,17,$m = n$,m-flow
1358.0,0.08640367299994978,18,$m = n$,sota
152.0,0.01654357500046899,18,$m = n$,ours
208.0,0.09676979200048663,18,$m = n$,m-flow
1617.0,0.09580156900028669,19,$m = n$,sota
160.0,0.01754873299978499,19,$m = n$,ours
261.0,0.12478848200044013,19,$m = n$,m-flow
1687.0,0.11153926399947522,20,$m = n$,sota
196.0,0.02048780000041006,20,$m = n$,ours
285.0,0.16704734099948837,20,$m = n$,m-flow
8.0,0.04558367800018459,3,$m = n$,sota
3.0,0.0013216440001997398,3,$m = n$,ours
6.0,0.00946019500042894,3,$m = n$,m-flow
26.0,0.04724948300008691,4,$m = n$,sota
7.0,0.48004494799988606,4,$m = n$,ours
10.0,0.011139372999423358,4,$m = n$,m-flow
42.0,0.046765934999712044,5,$m = n$,sota
11.0,0.3482273429999623,5,$m = n$,ours
16.0,0.013381777000176953,5,$m = n$,m-flow
203.0,0.04426875999979529,6,$m = n$,sota
10.0,0.6678817820002223,6,$m = n$,ours
27.0,0.022371082000063325,6,$m = n$,m-flow
219.0,0.053234433000397985,7,$m = n$,sota
21.0,0.48140534100002697,7,$m = n$,ours
34.0,0.02364458600004582,7,$m = n$,m-flow
432.0,0.04525527699934173,8,$m = n$,sota
24.0,2.9600155980006093,8,$m = n$,ours
38.0,0.026691433999985748,8,$m = n$,m-flow
501.0,0.05214612199961266,9,$m = n$,sota
37.0,0.505052849999629,9,$m = n$,ours
56.0,0.08821414399972127,9,$m = n$,m-flow
655.0,0.04532659100004821,10,$m = n$,sota
44.0,0.041884784999638214,10,$m = n$,ours
61.0,0.03528954400007933,10,$m = n$,m-flow
703.0,0.04718058600064978,11,$m = n$,sota
56.0,0.00837773900002503,11,$m = n$,ours
65.0,0.037587171999803104,11,$m = n$,m-flow
805.0,0.049296116999357764,12,$m = n$,sota
70.0,0.009699340999759443,12,$m = n$,ours
95.0,0.048480389999895124,12,$m = n$,m-flow
714.0,0.04641567100043176,13,$m = n$,sota
75.0,0.010685631000342255,13,$m = n$,ours
109.0,0.05634867699973256,13,$m = n$,m-flow
935.0,0.06830378999984532,14,$m = n$,sota
92.0,0.010903082000368158,14,$m = n$,ours
118.0,0.055312546999630285,14,$m = n$,m-flow
1207.0,0.06369363799967687,15,$m = n$,sota
107.0,0.012128549000408384,15,$m = n$,ours
155.0,0.07015694300025643,15,$m = n$,m-flow
1155.0,0.06704708900088008,16,$m = n$,sota
120.0,0.01323539199984225,16,$m = n$,ours
158.0,0.07412443200064445,16,$m = n$,m-flow
1165.0,0.08412486299948796,17,$m = n$,sota
138.0,0.014691685999423498,17,$m = n$,ours
215.0,0.08402654100063955,17,$m = n$,m-flow
1417.0,0.09141166800054634,18,$m = n$,sota
146.0,0.017153756999505276,18,$m = n$,ours
211.0,0.10653536599966174,18,$m = n$,m-flow
1626.0,0.09760759500022687,19,$m = n$,sota
175.0,0.018970343000546563,19,$m = n$,ours
239.0,0.1208602670003529,19,$m = n$,m-flow
1419.0,0.1135824209995917,20,$m = n$,sota
215.0,0.020102923000195005,20,$m = n$,ours
269.0,0.16008702800081664,20,$m = n$,m-flow
4.0,0.04480918799981737,3,$m = n$,sota
2.0,0.0013712049994865083,3,$m = n$,ours
4.0,0.009517921999758983,3,$m = n$,m-flow
26.0,0.04597886800002016,4,$m = n$,sota
5.0,0.023720907000097213,4,$m = n$,ours
7.0,0.01234979199944064,4,$m = n$,m-flow
43.0,0.04615175900016766,5,$m = n$,sota
11.0,0.3831021409996538,5,$m = n$,ours
17.0,0.014306669999314181,5,$m = n$,m-flow
228.0,0.044145506999484496,6,$m = n$,sota
14.0,2.970095730000139,6,$m = n$,ours
20.0,0.016197904999899038,6,$m = n$,m-flow
201.0,0.05916423400049098,7,$m = n$,sota
21.0,0.36361863700039976,7,$m = n$,ours
35.0,0.023218256999825826,7,$m = n$,m-flow
464.0,0.04435875600029249,8,$m = n$,sota
33.0,0.006019160000505508,8,$m = n$,ours
42.0,0.02621177000037278,8,$m = n$,m-flow
393.0,0.0449944530000721,9,$m = n$,sota
32.0,0.005723207999835722,9,$m = n$,ours
51.0,0.031247558999893954,9,$m = n$,m-flow
434.0,0.04747613800009276,10,$m = n$,sota
40.0,0.021525634000681748,10,$m = n$,ours
50.0,0.032351738000215846,10,$m = n$,m-flow
765.0,0.04779071099983412,11,$m = n$,sota
51.0,0.45781425299992407,11,$m = n$,ours
65.0,0.03550684599940723,11,$m = n$,m-flow
721.0,0.04601408299913601,12,$m = n$,sota
61.0,0.46722765100003016,12,$m = n$,ours
96.0,0.04691027300032147,12,$m = n$,m-flow
838.0,0.04912101399986568,13,$m = n$,sota
72.0,0.369811884000228,13,$m = n$,ours
112.0,0.053185839999969176,13,$m = n$,m-flow
967.0,0.07214772699990135,14,$m = n$,sota
92.0,0.011335369999869727,14,$m = n$,ours
128.0,0.06234197600042535,14,$m = n$,m-flow
1145.0,0.07299335399966367,15,$m = n$,sota
101.0,0.012347023000074842,15,$m = n$,ours
145.0,0.06422641200060752,15,$m = n$,m-flow
1096.0,0.0713266869997824,16,$m = n$,sota
112.0,0.462164735999977,16,$m = n$,ours
166.0,0.07512238199979038,16,$m = n$,m-flow
1203.0,0.07351842899970507,17,$m = n$,sota
158.0,0.012564581999868096,17,$m = n$,ours
222.0,0.08867305799958558,17,$m = n$,m-flow
1532.0,0.0880754749996413,18,$m = n$,sota
144.0,0.017087363000428013,18,$m = n$,ours
200.0,0.10127875800026231,18,$m = n$,m-flow
1414.0,0.10641102099998534,19,$m = n$,sota
160.0,0.0174793120004324,19,$m = n$,ours
253.0,0.1260540889998083,19,$m = n$,m-flow
1559.0,0.11214360299982218,20,$m = n$,sota
